SGB	Classification	Taxonomy	Kingdom	Phylum	Class	Order	Family	Genus	Species	Strain
SGB10420	uSGB	k__Bacteria-p__Proteobacteria-c__Gammaproteobacteria-o__Pseudomonadales-f__Moraxellaceae-g__GGB7107-s__GGB7107_SGB10420-t__SGB10420	Bacteria	Proteobacteria	Gammaproteobacteria	Pseudomonadales	Moraxellaceae	GGB7107	GGB7107_SGB10420	SGB10420
SGB12664	kSGB	k__Bacteria-p__Proteobacteria-c__Betaproteobacteria-o__Burkholderiales-f__Comamonadaceae-g__Ottowia-s__Ottowia_sp_Marseille_P4747-t__SGB12664	Bacteria	Proteobacteria	Betaproteobacteria	Burkholderiales	Comamonadaceae	Ottowia	Ottowia_sp_Marseille_P4747	SGB12664
SGB1315	uSGB	k__Bacteria-p__Bacteroidetes-c__CFGB494-o__OFGB494-f__FGB494-g__GGB1022-s__GGB1022_SGB1315-t__SGB1315	Bacteria	Bacteroidetes	CFGB494	OFGB494	FGB494	GGB1022	GGB1022_SGB1315	SGB1315
SGB13164	kSGB	k__Bacteria-p__Proteobacteria-c__Betaproteobacteria-o__Burkholderiales-f__Burkholderiaceae-g__Lautropia-s__Lautropia_sp_KCOM_2505-t__SGB13164	Bacteria	Proteobacteria	Betaproteobacteria	Burkholderiales	Burkholderiaceae	Lautropia	Lautropia_sp_KCOM_2505	SGB13164
SGB13165	kSGB	k__Bacteria-p__Proteobacteria-c__Betaproteobacteria-o__Burkholderiales-f__Burkholderiaceae-g__Lautropia-s__Lautropia_mirabilis-t__SGB13165	Bacteria	Proteobacteria	Betaproteobacteria	Burkholderiales	Burkholderiaceae	Lautropia	Lautropia_mirabilis	SGB13165
SGB1320	uSGB	k__Bacteria-p__Bacteroidetes-c__CFGB496-o__OFGB496-f__FGB496-g__GGB1025-s__GGB1025_SGB1320-t__SGB1320	Bacteria	Bacteroidetes	CFGB496	OFGB496	FGB496	GGB1025	GGB1025_SGB1320	SGB1320
SGB1321	uSGB	k__Bacteria-p__Bacteroidetes-c__CFGB497-o__OFGB497-f__FGB497-g__GGB1026-s__GGB1026_SGB1321-t__SGB1321	Bacteria	Bacteroidetes	CFGB497	OFGB497	FGB497	GGB1026	GGB1026_SGB1321	SGB1321
SGB1341	kSGB	k__Bacteria-p__Bacteroidetes-c__Bacteroidetes_unclassified-o__Bacteroidetes_unclassified-f__Bacteroidetes_unclassified-g__Bacteroidetes_unclassified-s__Bacteroidetes_oral_taxon_274-t__SGB1341	Bacteria	Bacteroidetes	Bacteroidetes_unclassified	Bacteroidetes_unclassified	Bacteroidetes_unclassified	Bacteroidetes_unclassified	Bacteroidetes_oral_taxon_274	SGB1341
SGB1343	uSGB	k__Bacteria-p__Bacteroidetes-c__Bacteroidetes_unclassified-o__Bacteroidetes_unclassified-f__Bacteroidetes_unclassified-g__Bacteroidetes_unclassified-s__Bacteroidetes_unclassified_SGB1343-t__SGB1343	Bacteria	Bacteroidetes	Bacteroidetes_unclassified	Bacteroidetes_unclassified	Bacteroidetes_unclassified	Bacteroidetes_unclassified	Bacteroidetes_unclassified_SGB1343	SGB1343
SGB1395	uSGB	k__Bacteria-p__Bacteroidetes-c__CFGB524-o__OFGB524-f__FGB524-g__GGB1088-s__GGB1088_SGB1395-t__SGB1395	Bacteria	Bacteroidetes	CFGB524	OFGB524	FGB524	GGB1088	GGB1088_SGB1395	SGB1395
SGB1411	kSGB	k__Bacteria-p__Bacteroidetes-c__Bacteroidia-o__Bacteroidales-f__Prevotellaceae-g__Alloprevotella-s__Alloprevotella_tannerae-t__SGB1411	Bacteria	Bacteroidetes	Bacteroidia	Bacteroidales	Prevotellaceae	Alloprevotella	Alloprevotella_tannerae	SGB1411
SGB1454	kSGB	k__Bacteria-p__Bacteroidetes-c__Bacteroidia-o__Bacteroidales-f__Prevotellaceae-g__Prevotella-s__Prevotella_saccharolytica-t__SGB1454	Bacteria	Bacteroidetes	Bacteroidia	Bacteroidales	Prevotellaceae	Prevotella	Prevotella_saccharolytica	SGB1454
SGB1456	kSGB	k__Bacteria-p__Bacteroidetes-c__Bacteroidia-o__Bacteroidales-f__Prevotellaceae-g__Prevotella-s__Prevotella_shahii-t__SGB1456	Bacteria	Bacteroidetes	Bacteroidia	Bacteroidales	Prevotellaceae	Prevotella	Prevotella_shahii	SGB1456
SGB1457	kSGB	k__Bacteria-p__Bacteroidetes-c__Bacteroidia-o__Bacteroidales-f__Prevotellaceae-g__Prevotella-s__Prevotella_loescheii-t__SGB1457	Bacteria	Bacteroidetes	Bacteroidia	Bacteroidales	Prevotellaceae	Prevotella	Prevotella_loescheii	SGB1457
SGB1464	kSGB	k__Bacteria-p__Bacteroidetes-c__Bacteroidia-o__Bacteroidales-f__Prevotellaceae-g__Alloprevotella-s__Prevotella_sp_oral_taxon_473-t__SGB1464	Bacteria	Bacteroidetes	Bacteroidia	Bacteroidales	Prevotellaceae	Alloprevotella	Prevotella_sp_oral_taxon_473	SGB1464
SGB1465	kSGB	k__Bacteria-p__Bacteroidetes-c__Bacteroidia-o__Bacteroidales-f__Prevotellaceae-g__Prevotellaceae_unclassified-s__Prevotellaceae_bacterium_Marseille_P2826-t__SGB1465	Bacteria	Bacteroidetes	Bacteroidia	Bacteroidales	Prevotellaceae	Prevotellaceae_unclassified	Prevotellaceae_bacterium_Marseille_P2826	SGB1465
SGB1466	uSGB	k__Bacteria-p__Bacteroidetes-c__Bacteroidia-o__Bacteroidales-f__Prevotellaceae-g__Alloprevotella-s__Alloprevotella_SGB1466-t__SGB1466	Bacteria	Bacteroidetes	Bacteroidia	Bacteroidales	Prevotellaceae	Alloprevotella	Alloprevotella_SGB1466	SGB1466
SGB1468	uSGB	k__Bacteria-p__Bacteroidetes-c__Bacteroidia-o__Bacteroidales-f__Prevotellaceae-g__GGB1144-s__GGB1144_SGB1468-t__SGB1468	Bacteria	Bacteroidetes	Bacteroidia	Bacteroidales	Prevotellaceae	GGB1144	GGB1144_SGB1468	SGB1468
SGB1469	uSGB	k__Bacteria-p__Bacteroidetes-c__Bacteroidia-o__Bacteroidales-f__Prevotellaceae-g__GGB1144-s__GGB1144_SGB1469-t__SGB1469	Bacteria	Bacteroidetes	Bacteroidia	Bacteroidales	Prevotellaceae	GGB1144	GGB1144_SGB1469	SGB1469
SGB1485	kSGB	k__Bacteria-p__Bacteroidetes-c__Bacteroidia-o__Bacteroidales-f__Prevotellaceae-g__Alloprevotella-s__Alloprevotella_rava-t__SGB1485	Bacteria	Bacteroidetes	Bacteroidia	Bacteroidales	Prevotellaceae	Alloprevotella	Alloprevotella_rava	SGB1485
SGB1520	kSGB	k__Bacteria-p__Bacteroidetes-c__Bacteroidia-o__Bacteroidales-f__Prevotellaceae-g__Prevotella-s__Prevotella_oulorum-t__SGB1520	Bacteria	Bacteroidetes	Bacteroidia	Bacteroidales	Prevotellaceae	Prevotella	Prevotella_oulorum	SGB1520
SGB1521	kSGB	k__Bacteria-p__Bacteroidetes-c__Bacteroidia-o__Bacteroidales-f__Prevotellaceae-g__Prevotella-s__Prevotella_sp_HJM029-t__SGB1521	Bacteria	Bacteroidetes	Bacteroidia	Bacteroidales	Prevotellaceae	Prevotella	Prevotella_sp_HJM029	SGB1521
SGB1522	kSGB	k__Bacteria-p__Bacteroidetes-c__Bacteroidia-o__Bacteroidales-f__Prevotellaceae-g__Prevotella-s__Prevotella_salivae-t__SGB1522	Bacteria	Bacteroidetes	Bacteroidia	Bacteroidales	Prevotellaceae	Prevotella	Prevotella_salivae	SGB1522
SGB1524	kSGB	k__Bacteria-p__Bacteroidetes-c__Bacteroidia-o__Bacteroidales-f__Prevotellaceae-g__Prevotella-s__Prevotella_maculosa-t__SGB1524	Bacteria	Bacteroidetes	Bacteroidia	Bacteroidales	Prevotellaceae	Prevotella	Prevotella_maculosa	SGB1524
SGB1525	kSGB	k__Bacteria-p__Bacteroidetes-c__Bacteroidia-o__Bacteroidales-f__Prevotellaceae-g__Prevotella-s__Prevotella_oris-t__SGB1525	Bacteria	Bacteroidetes	Bacteroidia	Bacteroidales	Prevotellaceae	Prevotella	Prevotella_oris	SGB1525
SGB1526	kSGB	k__Bacteria-p__Bacteroidetes-c__Bacteroidia-o__Bacteroidales-f__Prevotellaceae-g__Prevotella-s__Prevotella_pleuritidis-t__SGB1526	Bacteria	Bacteroidetes	Bacteroidia	Bacteroidales	Prevotellaceae	Prevotella	Prevotella_pleuritidis	SGB1526
SGB1535	kSGB	k__Bacteria-p__Bacteroidetes-c__Bacteroidia-o__Bacteroidales-f__Prevotellaceae-g__Prevotella-s__Prevotella_sp_oral_taxon_299-t__SGB1535	Bacteria	Bacteroidetes	Bacteroidia	Bacteroidales	Prevotellaceae	Prevotella	Prevotella_sp_oral_taxon_299	SGB1535
SGB1536	kSGB	k__Bacteria-p__Bacteroidetes-c__Bacteroidia-o__Bacteroidales-f__Prevotellaceae-g__Prevotella-s__Prevotella_nanceiensis-t__SGB1536	Bacteria	Bacteroidetes	Bacteroidia	Bacteroidales	Prevotellaceae	Prevotella	Prevotella_nanceiensis	SGB1536
SGB1540	kSGB	k__Bacteria-p__Bacteroidetes-c__Bacteroidia-o__Bacteroidales-f__Prevotellaceae-g__Prevotella-s__Prevotella_denticola-t__SGB1540	Bacteria	Bacteroidetes	Bacteroidia	Bacteroidales	Prevotellaceae	Prevotella	Prevotella_denticola	SGB1540
SGB1541	kSGB	k__Bacteria-p__Bacteroidetes-c__Bacteroidia-o__Bacteroidales-f__Prevotellaceae-g__Prevotella-s__Prevotella_veroralis-t__SGB1541	Bacteria	Bacteroidetes	Bacteroidia	Bacteroidales	Prevotellaceae	Prevotella	Prevotella_veroralis	SGB1541
SGB1542	kSGB	k__Bacteria-p__Bacteroidetes-c__Bacteroidia-o__Bacteroidales-f__Prevotellaceae-g__Prevotella-s__Prevotella_sp_oral_taxon_306-t__SGB1542	Bacteria	Bacteroidetes	Bacteroidia	Bacteroidales	Prevotellaceae	Prevotella	Prevotella_sp_oral_taxon_306	SGB1542
SGB1543	kSGB	k__Bacteria-p__Bacteroidetes-c__Bacteroidia-o__Bacteroidales-f__Prevotellaceae-g__Prevotella-s__Prevotella_histicola-t__SGB1543	Bacteria	Bacteroidetes	Bacteroidia	Bacteroidales	Prevotellaceae	Prevotella	Prevotella_histicola	SGB1543
SGB1544	kSGB	k__Bacteria-p__Bacteroidetes-c__Bacteroidia-o__Bacteroidales-f__Prevotellaceae-g__Prevotella-s__Prevotella_scopos-t__SGB1544	Bacteria	Bacteroidetes	Bacteroidia	Bacteroidales	Prevotellaceae	Prevotella	Prevotella_scopos	SGB1544
SGB1545	kSGB	k__Bacteria-p__Bacteroidetes-c__Bacteroidia-o__Bacteroidales-f__Prevotellaceae-g__Prevotella-s__Prevotella_jejuni-t__SGB1545	Bacteria	Bacteroidetes	Bacteroidia	Bacteroidales	Prevotellaceae	Prevotella	Prevotella_jejuni	SGB1545
SGB1547	kSGB	k__Bacteria-p__Bacteroidetes-c__Bacteroidia-o__Bacteroidales-f__Prevotellaceae-g__Prevotella-s__Prevotella_sp_F0091-t__SGB1547	Bacteria	Bacteroidetes	Bacteroidia	Bacteroidales	Prevotellaceae	Prevotella	Prevotella_sp_F0091	SGB1547
SGB15494	kSGB	k__Bacteria-p__Actinobacteria-c__Actinobacteria-o__Bifidobacteriales-f__Bifidobacteriaceae-g__Scardovia-s__Scardovia_wiggsiae-t__SGB15494	Bacteria	Actinobacteria	Actinobacteria	Bifidobacteriales	Bifidobacteriaceae	Scardovia	Scardovia_wiggsiae	SGB15494
SGB1554	kSGB	k__Bacteria-p__Bacteroidetes-c__Bacteroidia-o__Bacteroidales-f__Prevotellaceae-g__Prevotella-s__Prevotella_melaninogenica-t__SGB1554	Bacteria	Bacteroidetes	Bacteroidia	Bacteroidales	Prevotellaceae	Prevotella	Prevotella_melaninogenica	SGB1554
SGB1560	kSGB	k__Bacteria-p__Bacteroidetes-c__Bacteroidia-o__Bacteroidales-f__Prevotellaceae-g__Prevotella-s__Prevotella_intermedia-t__SGB1560	Bacteria	Bacteroidetes	Bacteroidia	Bacteroidales	Prevotellaceae	Prevotella	Prevotella_intermedia	SGB1560
SGB1561	kSGB	k__Bacteria-p__Bacteroidetes-c__Bacteroidia-o__Bacteroidales-f__Prevotellaceae-g__Prevotella-s__Prevotella_nigrescens-t__SGB1561	Bacteria	Bacteroidetes	Bacteroidia	Bacteroidales	Prevotellaceae	Prevotella	Prevotella_nigrescens	SGB1561
SGB1564	kSGB	k__Bacteria-p__Bacteroidetes-c__Bacteroidia-o__Bacteroidales-f__Prevotellaceae-g__Prevotella-s__Prevotella_pallens-t__SGB1564	Bacteria	Bacteroidetes	Bacteroidia	Bacteroidales	Prevotellaceae	Prevotella	Prevotella_pallens	SGB1564
SGB1565	kSGB	k__Bacteria-p__Bacteroidetes-c__Bacteroidia-o__Bacteroidales-f__Prevotellaceae-g__Prevotella-s__Prevotella_micans-t__SGB1565	Bacteria	Bacteroidetes	Bacteroidia	Bacteroidales	Prevotellaceae	Prevotella	Prevotella_micans	SGB1565
SGB1568	uSGB	k__Bacteria-p__Bacteroidetes-c__CFGB570-o__OFGB570-f__FGB570-g__GGB1203-s__GGB1203_SGB1568-t__SGB1568	Bacteria	Bacteroidetes	CFGB570	OFGB570	FGB570	GGB1203	GGB1203_SGB1568	SGB1568
SGB15872	kSGB	k__Bacteria-p__Actinobacteria-c__Actinobacteria-o__Actinomycetales-f__Actinomycetaceae-g__Actinomyces-s__Actinomyces_sp_oral_taxon_448-t__SGB15872	Bacteria	Actinobacteria	Actinobacteria	Actinomycetales	Actinomycetaceae	Actinomyces	Actinomyces_sp_oral_taxon_448	SGB15872
SGB15873	kSGB	k__Bacteria-p__Actinobacteria-c__Actinobacteria-o__Actinomycetales-f__Actinomycetaceae-g__Actinomyces-s__Actinomyces_massiliensis-t__SGB15873	Bacteria	Actinobacteria	Actinobacteria	Actinomycetales	Actinomycetaceae	Actinomyces	Actinomyces_massiliensis	SGB15873
SGB15874	kSGB	k__Bacteria-p__Actinobacteria-c__Actinobacteria-o__Actinomycetales-f__Actinomycetaceae-g__Actinomyces-s__Actinomyces_gerencseriae-t__SGB15874	Bacteria	Actinobacteria	Actinobacteria	Actinomycetales	Actinomycetaceae	Actinomyces	Actinomyces_gerencseriae	SGB15874
SGB15877	kSGB	k__Bacteria-p__Actinobacteria-c__Actinobacteria-o__Actinomycetales-f__Actinomycetaceae-g__Actinomyces-s__Actinomyces_dentalis-t__SGB15877	Bacteria	Actinobacteria	Actinobacteria	Actinomycetales	Actinomycetaceae	Actinomyces	Actinomyces_dentalis	SGB15877
SGB15878	kSGB	k__Bacteria-p__Actinobacteria-c__Actinobacteria-o__Actinomycetales-f__Actinomycetaceae-g__Actinomyces-s__Actinomyces_oris-t__SGB15878	Bacteria	Actinobacteria	Actinobacteria	Actinomycetales	Actinomycetaceae	Actinomyces	Actinomyces_oris	SGB15878
SGB15886	kSGB	k__Bacteria-p__Actinobacteria-c__Actinobacteria-o__Actinomycetales-f__Actinomycetaceae-g__Actinomyces-s__Actinomyces_sp_oral_taxon_170-t__SGB15886	Bacteria	Actinobacteria	Actinobacteria	Actinomycetales	Actinomycetaceae	Actinomyces	Actinomyces_sp_oral_taxon_170	SGB15886
SGB15887	kSGB	k__Bacteria-p__Actinobacteria-c__Actinobacteria-o__Actinomycetales-f__Actinomycetaceae-g__Actinomyces-s__Actinomyces_johnsonii-t__SGB15887	Bacteria	Actinobacteria	Actinobacteria	Actinomycetales	Actinomycetaceae	Actinomyces	Actinomyces_johnsonii	SGB15887
SGB15888	kSGB	k__Bacteria-p__Actinobacteria-c__Actinobacteria-o__Actinomycetales-f__Actinomycetaceae-g__Actinomyces-s__Actinomyces_naeslundii-t__SGB15888	Bacteria	Actinobacteria	Actinobacteria	Actinomycetales	Actinomycetaceae	Actinomyces	Actinomyces_naeslundii	SGB15888
SGB15892	kSGB	k__Bacteria-p__Actinobacteria-c__Actinobacteria-o__Actinomycetales-f__Actinomycetaceae-g__Actinobaculum-s__Actinobaculum_sp_oral_taxon_183-t__SGB15892	Bacteria	Actinobacteria	Actinobacteria	Actinomycetales	Actinomycetaceae	Actinobaculum	Actinobaculum_sp_oral_taxon_183	SGB15892
SGB15894	kSGB	k__Bacteria-p__Actinobacteria-c__Actinobacteria-o__Actinomycetales-f__Actinomycetaceae-g__Actinomycetaceae_unclassified-s__Actinomycetaceae_bacterium_BA112-t__SGB15894	Bacteria	Actinobacteria	Actinobacteria	Actinomycetales	Actinomycetaceae	Actinomycetaceae_unclassified	Actinomycetaceae_bacterium_BA112	SGB15894
SGB15896	uSGB	k__Bacteria-p__Actinobacteria-c__Actinobacteria-o__Propionibacteriales-f__Propionibacteriaceae-g__GGB10022-s__GGB10022_SGB15896-t__SGB15896	Bacteria	Actinobacteria	Actinobacteria	Propionibacteriales	Propionibacteriaceae	GGB10022	GGB10022_SGB15896	SGB15896
SGB15897	kSGB	k__Bacteria-p__Actinobacteria-c__Actinobacteria-o__Propionibacteriales-f__Propionibacteriaceae-g__Pseudopropionibacterium-s__Pseudopropionibacterium_propionicum-t__SGB15897	Bacteria	Actinobacteria	Actinobacteria	Propionibacteriales	Propionibacteriaceae	Pseudopropionibacterium	Pseudopropionibacterium_propionicum	SGB15897
SGB15899	uSGB	k__Bacteria-p__Actinobacteria-c__Actinobacteria-o__Propionibacteriales-f__Propionibacteriaceae-g__Pseudopropionibacterium-s__Pseudopropionibacterium_SGB15899-t__SGB15899	Bacteria	Actinobacteria	Actinobacteria	Propionibacteriales	Propionibacteriaceae	Pseudopropionibacterium	Pseudopropionibacterium_SGB15899	SGB15899
SGB16955	kSGB	k__Bacteria-p__Actinobacteria-c__Actinobacteria-o__Propionibacteriales-f__Propionibacteriaceae-g__Cutibacterium-s__Cutibacterium_acnes-t__SGB16955	Bacteria	Actinobacteria	Actinobacteria	Propionibacteriales	Propionibacteriaceae	Cutibacterium	Cutibacterium_acnes	SGB16955
SGB16986	kSGB	k__Bacteria-p__Actinobacteria-c__Actinobacteria-o__Micrococcales-f__Micrococcaceae-g__Rothia-s__Rothia_mucilaginosa-t__SGB16986	Bacteria	Actinobacteria	Actinobacteria	Micrococcales	Micrococcaceae	Rothia	Rothia_mucilaginosa	SGB16986
SGB16987	kSGB	k__Bacteria-p__Actinobacteria-c__Actinobacteria-o__Micrococcales-f__Micrococcaceae-g__Rothia-s__Rothia_aeria-t__SGB16987	Bacteria	Actinobacteria	Actinobacteria	Micrococcales	Micrococcaceae	Rothia	Rothia_aeria	SGB16987
SGB16988	kSGB	k__Bacteria-p__Actinobacteria-c__Actinobacteria-o__Micrococcales-f__Micrococcaceae-g__Rothia-s__Rothia_dentocariosa-t__SGB16988	Bacteria	Actinobacteria	Actinobacteria	Micrococcales	Micrococcaceae	Rothia	Rothia_dentocariosa	SGB16988
SGB17007	kSGB	k__Bacteria-p__Actinobacteria-c__Actinobacteria-o__Corynebacteriales-f__Corynebacteriaceae-g__Corynebacterium-s__Corynebacterium_matruchotii-t__SGB17007	Bacteria	Actinobacteria	Actinobacteria	Corynebacteriales	Corynebacteriaceae	Corynebacterium	Corynebacterium_matruchotii	SGB17007
SGB17008	kSGB	k__Bacteria-p__Actinobacteria-c__Actinobacteria-o__Corynebacteriales-f__Corynebacteriaceae-g__Corynebacterium-s__Corynebacterium_durum-t__SGB17008	Bacteria	Actinobacteria	Actinobacteria	Corynebacteriales	Corynebacteriaceae	Corynebacterium	Corynebacterium_durum	SGB17008
SGB17130	kSGB	k__Bacteria-p__Actinobacteria-c__Actinobacteria-o__Actinomycetales-f__Actinomycetaceae-g__Actinomyces-s__Actinomyces_graevenitzii-t__SGB17130	Bacteria	Actinobacteria	Actinobacteria	Actinomycetales	Actinomycetaceae	Actinomyces	Actinomyces_graevenitzii	SGB17130
SGB17148	kSGB	k__Bacteria-p__Actinobacteria-c__Actinobacteria-o__Actinomycetales-f__Actinomycetaceae-g__Actinomyces-s__Actinomyces_hongkongensis-t__SGB17148	Bacteria	Actinobacteria	Actinobacteria	Actinomycetales	Actinomycetaceae	Actinomyces	Actinomyces_hongkongensis	SGB17148
SGB17151	kSGB	k__Bacteria-p__Actinobacteria-c__Actinobacteria-o__Micrococcales-f__Dermacoccaceae-g__Kytococcus-s__Kytococcus_sedentarius-t__SGB17151	Bacteria	Actinobacteria	Actinobacteria	Micrococcales	Dermacoccaceae	Kytococcus	Kytococcus_sedentarius	SGB17151
SGB17152	kSGB	k__Bacteria-p__Actinobacteria-c__Actinobacteria-o__Actinomycetales-f__Actinomycetaceae-g__Actinomyces-s__Actinomyces_bouchesdurhonensis-t__SGB17152	Bacteria	Actinobacteria	Actinobacteria	Actinomycetales	Actinomycetaceae	Actinomyces	Actinomyces_bouchesdurhonensis	SGB17152
SGB17153	kSGB	k__Bacteria-p__Actinobacteria-c__Actinobacteria-o__Micrococcales-f__Promicromonosporaceae-g__Isoptericola-s__Isoptericola_variabilis-t__SGB17153	Bacteria	Actinobacteria	Actinobacteria	Micrococcales	Promicromonosporaceae	Isoptericola	Isoptericola_variabilis	SGB17153
SGB17156	kSGB	k__Bacteria-p__Actinobacteria-c__Actinobacteria-o__Actinomycetales-f__Actinomycetaceae-g__Schaalia-s__Schaalia_odontolytica-t__SGB17156	Bacteria	Actinobacteria	Actinobacteria	Actinomycetales	Actinomycetaceae	Schaalia	Schaalia_odontolytica	SGB17156
SGB17167	kSGB	k__Bacteria-p__Actinobacteria-c__Actinobacteria-o__Actinomycetales-f__Actinomycetaceae-g__Actinomyces-s__Actinomyces_sp_ICM47-t__SGB17167	Bacteria	Actinobacteria	Actinobacteria	Actinomycetales	Actinomycetaceae	Actinomyces	Actinomyces_sp_ICM47	SGB17167
SGB17168	uSGB	k__Bacteria-p__Actinobacteria-c__Actinobacteria-o__Actinomycetales-f__Actinomycetaceae-g__Actinomyces-s__Actinomyces_SGB17168-t__SGB17168	Bacteria	Actinobacteria	Actinobacteria	Actinomycetales	Actinomycetaceae	Actinomyces	Actinomyces_SGB17168	SGB17168
SGB17169	kSGB	k__Bacteria-p__Actinobacteria-c__Actinobacteria-o__Actinomycetales-f__Actinomycetaceae-g__Actinomyces-s__Actinomyces_sp_ICM58-t__SGB17169	Bacteria	Actinobacteria	Actinobacteria	Actinomycetales	Actinomycetaceae	Actinomyces	Actinomyces_sp_ICM58	SGB17169
SGB17248	kSGB	k__Bacteria-p__Actinobacteria-c__Actinobacteria-o__Bifidobacteriales-f__Bifidobacteriaceae-g__Bifidobacterium-s__Bifidobacterium_longum-t__SGB17248	Bacteria	Actinobacteria	Actinobacteria	Bifidobacteriales	Bifidobacteriaceae	Bifidobacterium	Bifidobacterium_longum	SGB17248
SGB19290	uSGB	k__Bacteria-p__Proteobacteria-c__CFGB4196-o__OFGB4196-f__FGB4196-g__GGB12441-s__GGB12441_SGB19290-t__SGB19290	Bacteria	Proteobacteria	CFGB4196	OFGB4196	FGB4196	GGB12441	GGB12441_SGB19290	SGB19290
SGB19300	kSGB	k__Bacteria-p__Proteobacteria-c__Epsilonproteobacteria-o__Campylobacterales-f__Campylobacteraceae-g__Campylobacter-s__Campylobacter_gracilis-t__SGB19300	Bacteria	Proteobacteria	Epsilonproteobacteria	Campylobacterales	Campylobacteraceae	Campylobacter	Campylobacter_gracilis	SGB19300
SGB19313	uSGB	k__Bacteria-p__Proteobacteria-c__Epsilonproteobacteria-o__Campylobacterales-f__Campylobacteraceae-g__GGB12443-s__GGB12443_SGB19313-t__SGB19313	Bacteria	Proteobacteria	Epsilonproteobacteria	Campylobacterales	Campylobacteraceae	GGB12443	GGB12443_SGB19313	SGB19313
SGB19315	kSGB	k__Bacteria-p__Proteobacteria-c__Epsilonproteobacteria-o__Campylobacterales-f__Campylobacteraceae-g__Campylobacter-s__Campylobacter_rectus-t__SGB19315	Bacteria	Proteobacteria	Epsilonproteobacteria	Campylobacterales	Campylobacteraceae	Campylobacter	Campylobacter_rectus	SGB19315
SGB19322	kSGB	k__Bacteria-p__Proteobacteria-c__Epsilonproteobacteria-o__Campylobacterales-f__Campylobacteraceae-g__Campylobacter-s__Campylobacter_showae-t__SGB19322	Bacteria	Proteobacteria	Epsilonproteobacteria	Campylobacterales	Campylobacteraceae	Campylobacter	Campylobacter_showae	SGB19322
SGB19342	kSGB	k__Bacteria-p__Proteobacteria-c__Epsilonproteobacteria-o__Campylobacterales-f__Campylobacteraceae-g__Campylobacter-s__Campylobacter_concisus-t__SGB19342	Bacteria	Proteobacteria	Epsilonproteobacteria	Campylobacterales	Campylobacteraceae	Campylobacter	Campylobacter_concisus	SGB19342
SGB19351	kSGB	k__Bacteria-p__Proteobacteria-c__Epsilonproteobacteria-o__Campylobacterales-f__Campylobacteraceae-g__Campylobacter-s__Campylobacter_concisus-t__SGB19351	Bacteria	Proteobacteria	Epsilonproteobacteria	Campylobacterales	Campylobacteraceae	Campylobacter	Campylobacter_concisus	SGB19351
SGB19783	uSGB	k__Bacteria-p__Candidatus_Saccharibacteria-c__CFGB4342-o__OFGB4342-f__FGB4342-g__GGB12760-s__GGB12760_SGB19783-t__SGB19783	Bacteria	Candidatus_Saccharibacteria	CFGB4342	OFGB4342	FGB4342	GGB12760	GGB12760_SGB19783	SGB19783
SGB19792	uSGB	k__Bacteria-p__Candidatus_Saccharibacteria-c__CFGB4342-o__OFGB4342-f__FGB4342-g__GGB12762-s__GGB12762_SGB19792-t__SGB19792	Bacteria	Candidatus_Saccharibacteria	CFGB4342	OFGB4342	FGB4342	GGB12762	GGB12762_SGB19792	SGB19792
SGB19800	kSGB	k__Bacteria-p__Candidatus_Saccharibacteria-c__Candidatus_Saccharibacteria_unclassified-o__Candidatus_Saccharibacteria_unclassified-f__Candidatus_Saccharibacteria_unclassified-g__Candidatus_Saccharibacteria_unclassified-s__Candidatus_Saccharibacteria_bacterium_TM7__EAM_G5_1_HOT_356-t__SGB19800	Bacteria	Candidatus_Saccharibacteria	Candidatus_Saccharibacteria_unclassified	Candidatus_Saccharibacteria_unclassified	Candidatus_Saccharibacteria_unclassified	Candidatus_Saccharibacteria_unclassified	Candidatus_Saccharibacteria_bacterium_TM7__EAM_G5_1_HOT_356	SGB19800
SGB19822	kSGB	k__Bacteria-p__Candidatus_Saccharibacteria-c__Candidatus_Saccharibacteria_unclassified-o__Candidatus_Saccharibacteria_unclassified-f__Candidatus_Saccharibacteria_unclassified-g__Candidatus_Saccharibacteria_unclassified-s__Candidatus_Saccharibacteria_bacterium_TM7_CMJM_G6_1_HOT_870-t__SGB19822	Bacteria	Candidatus_Saccharibacteria	Candidatus_Saccharibacteria_unclassified	Candidatus_Saccharibacteria_unclassified	Candidatus_Saccharibacteria_unclassified	Candidatus_Saccharibacteria_unclassified	Candidatus_Saccharibacteria_bacterium_TM7_CMJM_G6_1_HOT_870	SGB19822
SGB19823	uSGB	k__Bacteria-p__Candidatus_Saccharibacteria-c__Candidatus_Saccharibacteria_unclassified-o__Candidatus_Saccharibacteria_unclassified-f__Candidatus_Saccharibacteria_unclassified-g__GGB12785-s__GGB12785_SGB19823-t__SGB19823	Bacteria	Candidatus_Saccharibacteria	Candidatus_Saccharibacteria_unclassified	Candidatus_Saccharibacteria_unclassified	Candidatus_Saccharibacteria_unclassified	GGB12785	GGB12785_SGB19823	SGB19823
SGB19825	uSGB	k__Bacteria-p__Candidatus_Saccharibacteria-c__Candidatus_Saccharibacteria_unclassified-o__Candidatus_Saccharibacteria_unclassified-f__Candidatus_Saccharibacteria_unclassified-g__GGB12785-s__GGB12785_SGB19825-t__SGB19825	Bacteria	Candidatus_Saccharibacteria	Candidatus_Saccharibacteria_unclassified	Candidatus_Saccharibacteria_unclassified	Candidatus_Saccharibacteria_unclassified	GGB12785	GGB12785_SGB19825	SGB19825
SGB19827	uSGB	k__Bacteria-p__Candidatus_Saccharibacteria-c__Candidatus_Saccharibacteria_unclassified-o__Candidatus_Saccharibacteria_unclassified-f__Candidatus_Saccharibacteria_unclassified-g__GGB12785-s__GGB12785_SGB19827-t__SGB19827	Bacteria	Candidatus_Saccharibacteria	Candidatus_Saccharibacteria_unclassified	Candidatus_Saccharibacteria_unclassified	Candidatus_Saccharibacteria_unclassified	GGB12785	GGB12785_SGB19827	SGB19827
SGB19844	uSGB	k__Bacteria-p__Candidatus_Saccharibacteria-c__CFGB4356-o__OFGB4356-f__FGB4356-g__GGB12790-s__GGB12790_SGB19844-t__SGB19844	Bacteria	Candidatus_Saccharibacteria	CFGB4356	OFGB4356	FGB4356	GGB12790	GGB12790_SGB19844	SGB19844
SGB19849	kSGB	k__Bacteria-p__Candidatus_Saccharibacteria-c__Candidatus_Saccharibacteria_unclassified-o__Candidatus_Saccharibacteria_unclassified-f__Candidatus_Saccharibacteria_unclassified-g__Candidatus_Saccharibacteria_unclassified-s__Candidatus_Saccharibacteria_oral_taxon_TM7x-t__SGB19849	Bacteria	Candidatus_Saccharibacteria	Candidatus_Saccharibacteria_unclassified	Candidatus_Saccharibacteria_unclassified	Candidatus_Saccharibacteria_unclassified	Candidatus_Saccharibacteria_unclassified	Candidatus_Saccharibacteria_oral_taxon_TM7x	SGB19849
SGB19850	uSGB	k__Bacteria-p__Candidatus_Saccharibacteria-c__Candidatus_Saccharibacteria_unclassified-o__Candidatus_Saccharibacteria_unclassified-f__Candidatus_Saccharibacteria_unclassified-g__Candidatus_Saccharibacteria_unclassified-s__Candidatus_Saccharibacteria_unclassified_SGB19850-t__SGB19850	Bacteria	Candidatus_Saccharibacteria	Candidatus_Saccharibacteria_unclassified	Candidatus_Saccharibacteria_unclassified	Candidatus_Saccharibacteria_unclassified	Candidatus_Saccharibacteria_unclassified	Candidatus_Saccharibacteria_unclassified_SGB19850	SGB19850
SGB19860	kSGB	k__Bacteria-p__Candidatus_Saccharibacteria-c__Candidatus_Saccharibacteria_unclassified-o__Candidatus_Saccharibacteria_unclassified-f__Candidatus_Saccharibacteria_unclassified-g__Candidatus_Saccharibacteria_unclassified-s__Candidatus_Saccharibacteria_bacterium-t__SGB19860	Bacteria	Candidatus_Saccharibacteria	Candidatus_Saccharibacteria_unclassified	Candidatus_Saccharibacteria_unclassified	Candidatus_Saccharibacteria_unclassified	Candidatus_Saccharibacteria_unclassified	Candidatus_Saccharibacteria_bacterium	SGB19860
SGB19880	uSGB	k__Bacteria-p__Candidatus_Saccharibacteria-c__Candidatus_Saccharibacteria_unclassified-o__Candidatus_Saccharibacteria_unclassified-f__Candidatus_Saccharibacteria_unclassified-g__GGB12793-s__GGB12793_SGB19880-t__SGB19880	Bacteria	Candidatus_Saccharibacteria	Candidatus_Saccharibacteria_unclassified	Candidatus_Saccharibacteria_unclassified	Candidatus_Saccharibacteria_unclassified	GGB12793	GGB12793_SGB19880	SGB19880
SGB19883	kSGB	k__Bacteria-p__Candidatus_Saccharibacteria-c__Candidatus_Saccharibacteria_unclassified-o__Candidatus_Saccharibacteria_unclassified-f__Candidatus_Saccharibacteria_unclassified-g__Candidatus_Saccharibacteria_unclassified-s__Candidatus_Saccharibacteria_bacterium_TM7_ANC_38_39_G1_1-t__SGB19883	Bacteria	Candidatus_Saccharibacteria	Candidatus_Saccharibacteria_unclassified	Candidatus_Saccharibacteria_unclassified	Candidatus_Saccharibacteria_unclassified	Candidatus_Saccharibacteria_unclassified	Candidatus_Saccharibacteria_bacterium_TM7_ANC_38_39_G1_1	SGB19883
SGB19921	uSGB	k__Bacteria-p__Candidatus_Saccharibacteria-c__Candidatus_Saccharibacteria_unclassified-o__Candidatus_Saccharibacteria_unclassified-f__Candidatus_Saccharibacteria_unclassified-g__GGB12807-s__GGB12807_SGB19921-t__SGB19921	Bacteria	Candidatus_Saccharibacteria	Candidatus_Saccharibacteria_unclassified	Candidatus_Saccharibacteria_unclassified	Candidatus_Saccharibacteria_unclassified	GGB12807	GGB12807_SGB19921	SGB19921
SGB2016	kSGB	k__Bacteria-p__Bacteroidetes-c__Bacteroidia-o__Bacteroidales-f__Porphyromonadaceae-g__Porphyromonas-s__Porphyromonas_endodontalis-t__SGB2016	Bacteria	Bacteroidetes	Bacteroidia	Bacteroidales	Porphyromonadaceae	Porphyromonas	Porphyromonas_endodontalis	SGB2016
SGB2036	kSGB	k__Bacteria-p__Bacteroidetes-c__Bacteroidia-o__Bacteroidales-f__Porphyromonadaceae-g__Porphyromonas-s__Porphyromonas_catoniae-t__SGB2036	Bacteria	Bacteroidetes	Bacteroidia	Bacteroidales	Porphyromonadaceae	Porphyromonas	Porphyromonas_catoniae	SGB2036
SGB2037	uSGB	k__Bacteria-p__Bacteroidetes-c__Bacteroidia-o__Bacteroidales-f__Porphyromonadaceae-g__GGB1472-s__GGB1472_SGB2037-t__SGB2037	Bacteria	Bacteroidetes	Bacteroidia	Bacteroidales	Porphyromonadaceae	GGB1472	GGB1472_SGB2037	SGB2037
SGB2038	uSGB	k__Bacteria-p__Bacteroidetes-c__Bacteroidia-o__Bacteroidales-f__Porphyromonadaceae-g__GGB1472-s__GGB1472_SGB2038-t__SGB2038	Bacteria	Bacteroidetes	Bacteroidia	Bacteroidales	Porphyromonadaceae	GGB1472	GGB1472_SGB2038	SGB2038
SGB2041	kSGB	k__Bacteria-p__Bacteroidetes-c__Bacteroidia-o__Bacteroidales-f__Porphyromonadaceae-g__Porphyromonas-s__Porphyromonas_sp_oral_taxon_278-t__SGB2041	Bacteria	Bacteroidetes	Bacteroidia	Bacteroidales	Porphyromonadaceae	Porphyromonas	Porphyromonas_sp_oral_taxon_278	SGB2041
SGB2042	uSGB	k__Bacteria-p__Bacteroidetes-c__Bacteroidia-o__Bacteroidales-f__Porphyromonadaceae-g__Porphyromonas-s__Porphyromonas_SGB2042-t__SGB2042	Bacteria	Bacteroidetes	Bacteroidia	Bacteroidales	Porphyromonadaceae	Porphyromonas	Porphyromonas_SGB2042	SGB2042
SGB2043	kSGB	k__Bacteria-p__Bacteroidetes-c__Bacteroidia-o__Bacteroidales-f__Porphyromonadaceae-g__Porphyromonas-s__Porphyromonas_somerae-t__SGB2043	Bacteria	Bacteroidetes	Bacteroidia	Bacteroidales	Porphyromonadaceae	Porphyromonas	Porphyromonas_somerae	SGB2043
SGB2047	kSGB	k__Bacteria-p__Bacteroidetes-c__Bacteroidia-o__Bacteroidales-f__Tannerellaceae-g__Tannerella-s__Tannerella_sp_oral_taxon_808-t__SGB2047	Bacteria	Bacteroidetes	Bacteroidia	Bacteroidales	Tannerellaceae	Tannerella	Tannerella_sp_oral_taxon_808	SGB2047
SGB2048	kSGB	k__Bacteria-p__Bacteroidetes-c__Bacteroidia-o__Bacteroidales-f__Tannerellaceae-g__Tannerella-s__Tannerella_sp_oral_taxon_HOT_286-t__SGB2048	Bacteria	Bacteroidetes	Bacteroidia	Bacteroidales	Tannerellaceae	Tannerella	Tannerella_sp_oral_taxon_HOT_286	SGB2048
SGB2053	kSGB	k__Bacteria-p__Bacteroidetes-c__Bacteroidia-o__Bacteroidales-f__Tannerellaceae-g__Tannerella-s__Tannerella_forsythia-t__SGB2053	Bacteria	Bacteroidetes	Bacteroidia	Bacteroidales	Tannerellaceae	Tannerella	Tannerella_forsythia	SGB2053
SGB2057	kSGB	k__Bacteria-p__Bacteroidetes-c__Bacteroidia-o__Bacteroidales-f__Porphyromonadaceae-g__Porphyromonas-s__Porphyromonas_gingivalis-t__SGB2057	Bacteria	Bacteroidetes	Bacteroidia	Bacteroidales	Porphyromonadaceae	Porphyromonas	Porphyromonas_gingivalis	SGB2057
SGB23982	kSGB	k__Bacteria-p__Actinobacteria-c__Actinobacteria-o__Actinomycetales-f__Actinomycetaceae-g__Schaalia-s__Schaalia_odontolytica-t__SGB23982	Bacteria	Actinobacteria	Actinobacteria	Actinomycetales	Actinomycetaceae	Schaalia	Schaalia_odontolytica	SGB23982
SGB2477	uSGB	k__Bacteria-p__Bacteroidetes-c__Flavobacteriia-o__Flavobacteriales-f__Flavobacteriaceae-g__GGB1833-s__GGB1833_SGB2477-t__SGB2477	Bacteria	Bacteroidetes	Flavobacteriia	Flavobacteriales	Flavobacteriaceae	GGB1833	GGB1833_SGB2477	SGB2477
SGB2479	kSGB	k__Bacteria-p__Bacteroidetes-c__Flavobacteriia-o__Flavobacteriales-f__Flavobacteriaceae-g__Capnocytophaga-s__Capnocytophaga_gingivalis-t__SGB2479	Bacteria	Bacteroidetes	Flavobacteriia	Flavobacteriales	Flavobacteriaceae	Capnocytophaga	Capnocytophaga_gingivalis	SGB2479
SGB2480	uSGB	k__Bacteria-p__Bacteroidetes-c__Flavobacteriia-o__Flavobacteriales-f__Flavobacteriaceae-g__Capnocytophaga-s__Capnocytophaga_SGB2480-t__SGB2480	Bacteria	Bacteroidetes	Flavobacteriia	Flavobacteriales	Flavobacteriaceae	Capnocytophaga	Capnocytophaga_SGB2480	SGB2480
SGB2483	kSGB	k__Bacteria-p__Bacteroidetes-c__Flavobacteriia-o__Flavobacteriales-f__Flavobacteriaceae-g__Capnocytophaga-s__Capnocytophaga_granulosa-t__SGB2483	Bacteria	Bacteroidetes	Flavobacteriia	Flavobacteriales	Flavobacteriaceae	Capnocytophaga	Capnocytophaga_granulosa	SGB2483
SGB2486	kSGB	k__Bacteria-p__Bacteroidetes-c__Flavobacteriia-o__Flavobacteriales-f__Flavobacteriaceae-g__Capnocytophaga-s__Capnocytophaga_sp_oral_taxon_863-t__SGB2486	Bacteria	Bacteroidetes	Flavobacteriia	Flavobacteriales	Flavobacteriaceae	Capnocytophaga	Capnocytophaga_sp_oral_taxon_863	SGB2486
SGB2489	kSGB	k__Bacteria-p__Bacteroidetes-c__Flavobacteriia-o__Flavobacteriales-f__Flavobacteriaceae-g__Capnocytophaga-s__Capnocytophaga_sp_oral_taxon_332-t__SGB2489	Bacteria	Bacteroidetes	Flavobacteriia	Flavobacteriales	Flavobacteriaceae	Capnocytophaga	Capnocytophaga_sp_oral_taxon_332	SGB2489
SGB2495	kSGB	k__Bacteria-p__Bacteroidetes-c__Flavobacteriia-o__Flavobacteriales-f__Flavobacteriaceae-g__Capnocytophaga-s__Capnocytophaga_leadbetteri-t__SGB2495	Bacteria	Bacteroidetes	Flavobacteriia	Flavobacteriales	Flavobacteriaceae	Capnocytophaga	Capnocytophaga_leadbetteri	SGB2495
SGB2497	kSGB	k__Bacteria-p__Bacteroidetes-c__Flavobacteriia-o__Flavobacteriales-f__Flavobacteriaceae-g__Capnocytophaga-s__Capnocytophaga_ochracea-t__SGB2497	Bacteria	Bacteroidetes	Flavobacteriia	Flavobacteriales	Flavobacteriaceae	Capnocytophaga	Capnocytophaga_ochracea	SGB2497
SGB25061	kSGB	k__Bacteria-p__Firmicutes-c__Negativicutes-o__Selenomonadales-f__Selenomonadaceae-g__Selenomonas-s__Selenomonas_sp_oral_taxon_920-t__SGB25061	Bacteria	Firmicutes	Negativicutes	Selenomonadales	Selenomonadaceae	Selenomonas	Selenomonas_sp_oral_taxon_920	SGB25061
SGB2532	uSGB	k__Bacteria-p__Bacteroidetes-c__Flavobacteriia-o__Flavobacteriales-f__Flavobacteriaceae-g__GGB1844-s__GGB1844_SGB2532-t__SGB2532	Bacteria	Bacteroidetes	Flavobacteriia	Flavobacteriales	Flavobacteriaceae	GGB1844	GGB1844_SGB2532	SGB2532
SGB27618	kSGB	k__Bacteria-p__Candidatus_Saccharibacteria-c__Candidatus_Saccharibacteria_unclassified-o__Candidatus_Saccharibacteria_unclassified-f__Candidatus_Saccharibacteria_unclassified-g__Candidatus_Saccharibacteria_unclassified-s__Candidatus_Saccharibacteria_bacterium_TM7_KMM_G3_1_HOT_351-t__SGB27618	Bacteria	Candidatus_Saccharibacteria	Candidatus_Saccharibacteria_unclassified	Candidatus_Saccharibacteria_unclassified	Candidatus_Saccharibacteria_unclassified	Candidatus_Saccharibacteria_unclassified	Candidatus_Saccharibacteria_bacterium_TM7_KMM_G3_1_HOT_351	SGB27618
SGB28525	kSGB	k__Bacteria-p__Proteobacteria-c__Epsilonproteobacteria-o__Campylobacterales-f__Campylobacteraceae-g__Campylobacter-s__Campylobacter_showae-t__SGB28525	Bacteria	Proteobacteria	Epsilonproteobacteria	Campylobacterales	Campylobacteraceae	Campylobacter	Campylobacter_showae	SGB28525
SGB29040	kSGB	k__Bacteria-p__Fusobacteria-c__Fusobacteriia-o__Fusobacteriales-f__Leptotrichiaceae-g__Streptobacillus-s__Streptobacillus_hongkongensis-t__SGB29040	Bacteria	Fusobacteria	Fusobacteriia	Fusobacteriales	Leptotrichiaceae	Streptobacillus	Streptobacillus_hongkongensis	SGB29040
SGB30370	kSGB	k__Bacteria-p__Firmicutes-c__Negativicutes-o__Veillonellales-f__Veillonellaceae-g__Veillonella-s__Veillonella_sp_CHU110-t__SGB30370	Bacteria	Firmicutes	Negativicutes	Veillonellales	Veillonellaceae	Veillonella	Veillonella_sp_CHU110	SGB30370
SGB30374	kSGB	k__Bacteria-p__Firmicutes-c__Negativicutes-o__Veillonellales-f__Veillonellaceae-g__Veillonella-s__Veillonella_sp_VA139-t__SGB30374	Bacteria	Firmicutes	Negativicutes	Veillonellales	Veillonellaceae	Veillonella	Veillonella_sp_VA139	SGB30374
SGB30375	kSGB	k__Bacteria-p__Firmicutes-c__Negativicutes-o__Veillonellales-f__Veillonellaceae-g__Veillonella-s__Veillonella_sp_VA142-t__SGB30375	Bacteria	Firmicutes	Negativicutes	Veillonellales	Veillonellaceae	Veillonella	Veillonella_sp_VA142	SGB30375
SGB3516	uSGB	k__Bacteria-p__Tenericutes-c__CFGB991-o__OFGB991-f__FGB991-g__GGB2601-s__GGB2601_SGB3516-t__SGB3516	Bacteria	Tenericutes	CFGB991	OFGB991	FGB991	GGB2601	GGB2601_SGB3516	SGB3516
SGB3585	uSGB	k__Bacteria-p__Spirochaetes-c__Spirochaetia-o__Spirochaetales-f__Spirochaetaceae-g__Treponema-s__Treponema_SGB3585-t__SGB3585	Bacteria	Spirochaetes	Spirochaetia	Spirochaetales	Spirochaetaceae	Treponema	Treponema_SGB3585	SGB3585
SGB3587	kSGB	k__Bacteria-p__Spirochaetes-c__Spirochaetia-o__Spirochaetales-f__Spirochaetaceae-g__Treponema-s__Treponema_lecithinolyticum-t__SGB3587	Bacteria	Spirochaetes	Spirochaetia	Spirochaetales	Spirochaetaceae	Treponema	Treponema_lecithinolyticum	SGB3587
SGB3601	uSGB	k__Bacteria-p__Spirochaetes-c__Spirochaetia-o__Spirochaetales-f__Spirochaetaceae-g__Treponema-s__Treponema_SGB3601-t__SGB3601	Bacteria	Spirochaetes	Spirochaetia	Spirochaetales	Spirochaetaceae	Treponema	Treponema_SGB3601	SGB3601
SGB3607	uSGB	k__Bacteria-p__Spirochaetes-c__Spirochaetia-o__Spirochaetales-f__Spirochaetaceae-g__Treponema-s__Treponema_SGB3607-t__SGB3607	Bacteria	Spirochaetes	Spirochaetia	Spirochaetales	Spirochaetaceae	Treponema	Treponema_SGB3607	SGB3607
SGB3608	kSGB	k__Bacteria-p__Spirochaetes-c__Spirochaetia-o__Spirochaetales-f__Spirochaetaceae-g__Treponema-s__Treponema_sp_OMZ_838-t__SGB3608	Bacteria	Spirochaetes	Spirochaetia	Spirochaetales	Spirochaetaceae	Treponema	Treponema_sp_OMZ_838	SGB3608
SGB3613	kSGB	k__Bacteria-p__Spirochaetes-c__Spirochaetia-o__Spirochaetales-f__Spirochaetaceae-g__Treponema-s__Treponema_denticola-t__SGB3613	Bacteria	Spirochaetes	Spirochaetia	Spirochaetales	Spirochaetaceae	Treponema	Treponema_denticola	SGB3613
SGB3920	kSGB	k__Bacteria-p__Firmicutes-c__Clostridia-o__Clostridiales-f__Clostridiales_Family_XIII_Incertae_Sedis-g__Mogibacterium-s__Mogibacterium_timidum-t__SGB3920	Bacteria	Firmicutes	Clostridia	Clostridiales	Clostridiales_Family_XIII_Incertae_Sedis	Mogibacterium	Mogibacterium_timidum	SGB3920
SGB3922	kSGB	k__Bacteria-p__Firmicutes-c__Clostridia-o__Clostridiales-f__Clostridiales_Family_XIII_Incertae_Sedis-g__Mogibacterium-s__Mogibacterium_diversum-t__SGB3922	Bacteria	Firmicutes	Clostridia	Clostridiales	Clostridiales_Family_XIII_Incertae_Sedis	Mogibacterium	Mogibacterium_diversum	SGB3922
SGB3931	kSGB	k__Bacteria-p__Firmicutes-c__Clostridia-o__Clostridiales-f__Clostridiales_Family_XIII_Incertae_Sedis-g__Clostridiales_Family_XIII_Incertae_Sedis_unclassified-s__Eubacterium_brachy-t__SGB3931	Bacteria	Firmicutes	Clostridia	Clostridiales	Clostridiales_Family_XIII_Incertae_Sedis	Clostridiales_Family_XIII_Incertae_Sedis_unclassified	Eubacterium_brachy	SGB3931
SGB3934	kSGB	k__Bacteria-p__Firmicutes-c__Clostridia-o__Clostridiales-f__Clostridiales_Family_XIII_Incertae_Sedis-g__Clostridiales_Family_XIII_Incertae_Sedis_unclassified-s__Eubacterium_sulci-t__SGB3934	Bacteria	Firmicutes	Clostridia	Clostridiales	Clostridiales_Family_XIII_Incertae_Sedis	Clostridiales_Family_XIII_Incertae_Sedis_unclassified	Eubacterium_sulci	SGB3934
SGB3936	kSGB	k__Bacteria-p__Firmicutes-c__Clostridia-o__Clostridiales-f__Clostridiales_Family_XIII_Incertae_Sedis-g__Clostridiales_Family_XIII_Incertae_Sedis_unclassified-s__Eubacterium_infirmum-t__SGB3936	Bacteria	Firmicutes	Clostridia	Clostridiales	Clostridiales_Family_XIII_Incertae_Sedis	Clostridiales_Family_XIII_Incertae_Sedis_unclassified	Eubacterium_infirmum	SGB3936
SGB3945	kSGB	k__Bacteria-p__Firmicutes-c__Clostridia-o__Clostridiales-f__Clostridiales_Family_XIII_Incertae_Sedis-g__Clostridiales_Family_XIII_Incertae_Sedis_unclassified-s__Eubacterium_saphenum-t__SGB3945	Bacteria	Firmicutes	Clostridia	Clostridiales	Clostridiales_Family_XIII_Incertae_Sedis	Clostridiales_Family_XIII_Incertae_Sedis_unclassified	Eubacterium_saphenum	SGB3945
SGB4479	kSGB	k__Bacteria-p__Firmicutes-c__Clostridia-o__Clostridiales-f__Lachnospiraceae-g__Lachnospiraceae_unclassified-s__Lachnospiraceae_bacterium_oral_taxon_096-t__SGB4479	Bacteria	Firmicutes	Clostridia	Clostridiales	Lachnospiraceae	Lachnospiraceae_unclassified	Lachnospiraceae_bacterium_oral_taxon_096	SGB4479
SGB4480	kSGB	k__Bacteria-p__Firmicutes-c__Clostridia-o__Clostridiales-f__Lachnospiraceae-g__Lachnospiraceae_unclassified-s__Lachnospiraceae_bacterium_oral_taxon_500-t__SGB4480	Bacteria	Firmicutes	Clostridia	Clostridiales	Lachnospiraceae	Lachnospiraceae_unclassified	Lachnospiraceae_bacterium_oral_taxon_500	SGB4480
SGB4481	kSGB	k__Bacteria-p__Firmicutes-c__Clostridia-o__Clostridiales-f__Lachnospiraceae-g__Lachnoanaerobaculum-s__Lachnoanaerobaculum_saburreum-t__SGB4481	Bacteria	Firmicutes	Clostridia	Clostridiales	Lachnospiraceae	Lachnoanaerobaculum	Lachnoanaerobaculum_saburreum	SGB4481
SGB4483	kSGB	k__Bacteria-p__Firmicutes-c__Clostridia-o__Clostridiales-f__Lachnospiraceae-g__Lachnoanaerobaculum-s__Lachnoanaerobaculum_orale-t__SGB4483	Bacteria	Firmicutes	Clostridia	Clostridiales	Lachnospiraceae	Lachnoanaerobaculum	Lachnoanaerobaculum_orale	SGB4483
SGB4494	kSGB	k__Bacteria-p__Firmicutes-c__Clostridia-o__Clostridiales-f__Lachnospiraceae-g__Lachnoanaerobaculum-s__Lachnoanaerobaculum_sp_ICM7-t__SGB4494	Bacteria	Firmicutes	Clostridia	Clostridiales	Lachnospiraceae	Lachnoanaerobaculum	Lachnoanaerobaculum_sp_ICM7	SGB4494
SGB4498	uSGB	k__Bacteria-p__Firmicutes-c__Clostridia-o__Clostridiales-f__Lachnospiraceae-g__GGB3394-s__GGB3394_SGB4498-t__SGB4498	Bacteria	Firmicutes	Clostridia	Clostridiales	Lachnospiraceae	GGB3394	GGB3394_SGB4498	SGB4498
SGB4503	kSGB	k__Bacteria-p__Firmicutes-c__Clostridia-o__Clostridiales-f__Lachnospiraceae-g__Catonella-s__Catonella_morbi-t__SGB4503	Bacteria	Firmicutes	Clostridia	Clostridiales	Lachnospiraceae	Catonella	Catonella_morbi	SGB4503
SGB5265	kSGB	k__Bacteria-p__Firmicutes-c__Clostridia-o__Clostridiales-f__Lachnospiraceae-g__Stomatobaculum-s__Stomatobaculum_longum-t__SGB5265	Bacteria	Firmicutes	Clostridia	Clostridiales	Lachnospiraceae	Stomatobaculum	Stomatobaculum_longum	SGB5265
SGB5266	uSGB	k__Bacteria-p__Firmicutes-c__Clostridia-o__Clostridiales-f__Lachnospiraceae-g__Stomatobaculum-s__Stomatobaculum_SGB5266-t__SGB5266	Bacteria	Firmicutes	Clostridia	Clostridiales	Lachnospiraceae	Stomatobaculum	Stomatobaculum_SGB5266	SGB5266
SGB5269	uSGB	k__Bacteria-p__Firmicutes-c__CFGB1534-o__OFGB1534-f__FGB1534-g__GGB3886-s__GGB3886_SGB5269-t__SGB5269	Bacteria	Firmicutes	CFGB1534	OFGB1534	FGB1534	GGB3886	GGB3886_SGB5269	SGB5269
SGB5270	uSGB	k__Bacteria-p__Firmicutes-c__Clostridia-o__Clostridiales-f__Lachnospiraceae-g__GGB3887-s__GGB3887_SGB5270-t__SGB5270	Bacteria	Firmicutes	Clostridia	Clostridiales	Lachnospiraceae	GGB3887	GGB3887_SGB5270	SGB5270
SGB5275	kSGB	k__Bacteria-p__Firmicutes-c__Clostridia-o__Clostridiales-f__Lachnospiraceae-g__Oribacterium-s__Oribacterium_sinus-t__SGB5275	Bacteria	Firmicutes	Clostridia	Clostridiales	Lachnospiraceae	Oribacterium	Oribacterium_sinus	SGB5275
SGB5285	kSGB	k__Bacteria-p__Firmicutes-c__Clostridia-o__Clostridiales-f__Lachnospiraceae-g__Oribacterium-s__Oribacterium_asaccharolyticum-t__SGB5285	Bacteria	Firmicutes	Clostridia	Clostridiales	Lachnospiraceae	Oribacterium	Oribacterium_asaccharolyticum	SGB5285
SGB5286	kSGB	k__Bacteria-p__Firmicutes-c__Clostridia-o__Clostridiales-f__Lachnospiraceae-g__Oribacterium-s__Oribacterium_parvum-t__SGB5286	Bacteria	Firmicutes	Clostridia	Clostridiales	Lachnospiraceae	Oribacterium	Oribacterium_parvum	SGB5286
SGB5825	kSGB	k__Bacteria-p__Firmicutes-c__Negativicutes-o__Veillonellales-f__Veillonellaceae-g__Dialister-s__Dialister_invisus-t__SGB5825	Bacteria	Firmicutes	Negativicutes	Veillonellales	Veillonellaceae	Dialister	Dialister_invisus	SGB5825
SGB5842	kSGB	k__Bacteria-p__Firmicutes-c__Negativicutes-o__Veillonellales-f__Veillonellaceae-g__Dialister-s__Dialister_pneumosintes-t__SGB5842	Bacteria	Firmicutes	Negativicutes	Veillonellales	Veillonellaceae	Dialister	Dialister_pneumosintes	SGB5842
SGB5868	kSGB	k__Bacteria-p__Firmicutes-c__Negativicutes-o__Veillonellales-f__Veillonellaceae-g__Megasphaera-s__Megasphaera_micronuciformis-t__SGB5868	Bacteria	Firmicutes	Negativicutes	Veillonellales	Veillonellaceae	Megasphaera	Megasphaera_micronuciformis	SGB5868
SGB5878	kSGB	k__Bacteria-p__Firmicutes-c__Negativicutes-o__Selenomonadales-f__Selenomonadaceae-g__Selenomonas-s__Selenomonas_artemidis-t__SGB5878	Bacteria	Firmicutes	Negativicutes	Selenomonadales	Selenomonadaceae	Selenomonas	Selenomonas_artemidis	SGB5878
SGB5882	kSGB	k__Bacteria-p__Firmicutes-c__Negativicutes-o__Selenomonadales-f__Selenomonadaceae-g__Selenomonas-s__Selenomonas_flueggei-t__SGB5882	Bacteria	Firmicutes	Negativicutes	Selenomonadales	Selenomonadaceae	Selenomonas	Selenomonas_flueggei	SGB5882
SGB5884	kSGB	k__Bacteria-p__Firmicutes-c__Negativicutes-o__Selenomonadales-f__Selenomonadaceae-g__Selenomonas-s__Selenomonas_noxia-t__SGB5884	Bacteria	Firmicutes	Negativicutes	Selenomonadales	Selenomonadaceae	Selenomonas	Selenomonas_noxia	SGB5884
SGB5885	kSGB	k__Bacteria-p__Firmicutes-c__Negativicutes-o__Selenomonadales-f__Selenomonadaceae-g__Selenomonas-s__Selenomonas_sp_oral_taxon_892-t__SGB5885	Bacteria	Firmicutes	Negativicutes	Selenomonadales	Selenomonadaceae	Selenomonas	Selenomonas_sp_oral_taxon_892	SGB5885
SGB5894	kSGB	k__Bacteria-p__Firmicutes-c__Negativicutes-o__Selenomonadales-f__Selenomonadaceae-g__Selenomonas-s__Selenomonas_infelix-t__SGB5894	Bacteria	Firmicutes	Negativicutes	Selenomonadales	Selenomonadaceae	Selenomonas	Selenomonas_infelix	SGB5894
SGB5898	kSGB	k__Bacteria-p__Firmicutes-c__Negativicutes-o__Selenomonadales-f__Selenomonadaceae-g__Selenomonas-s__Selenomonas_sputigena-t__SGB5898	Bacteria	Firmicutes	Negativicutes	Selenomonadales	Selenomonadaceae	Selenomonas	Selenomonas_sputigena	SGB5898
SGB5934	kSGB	k__Bacteria-p__Tenericutes-c__Mollicutes-o__Mycoplasmatales-f__Mycoplasmataceae-g__Mycoplasma-s__Mycoplasma_salivarium-t__SGB5934	Bacteria	Tenericutes	Mollicutes	Mycoplasmatales	Mycoplasmataceae	Mycoplasma	Mycoplasma_salivarium	SGB5934
SGB5978	uSGB	k__Bacteria-p__Candidatus_Gracilibacteria-c__Candidatus_Gracilibacteria_unclassified-o__Candidatus_Gracilibacteria_unclassified-f__Candidatus_Gracilibacteria_unclassified-g__Candidatus_Gracilibacteria_unclassified-s__Candidatus_Gracilibacteria_unclassified_SGB5978-t__SGB5978	Bacteria	Candidatus_Gracilibacteria	Candidatus_Gracilibacteria_unclassified	Candidatus_Gracilibacteria_unclassified	Candidatus_Gracilibacteria_unclassified	Candidatus_Gracilibacteria_unclassified	Candidatus_Gracilibacteria_unclassified_SGB5978	SGB5978
SGB5987	kSGB	k__Bacteria-p__Fusobacteria-c__Fusobacteriia-o__Fusobacteriales-f__Fusobacteriaceae-g__Fusobacterium-s__Fusobacterium_massiliense-t__SGB5987	Bacteria	Fusobacteria	Fusobacteriia	Fusobacteriales	Fusobacteriaceae	Fusobacterium	Fusobacterium_massiliense	SGB5987
SGB5989	kSGB	k__Bacteria-p__Fusobacteria-c__Fusobacteriia-o__Fusobacteriales-f__Fusobacteriaceae-g__Fusobacterium-s__Fusobacterium_periodonticum-t__SGB5989	Bacteria	Fusobacteria	Fusobacteriia	Fusobacteriales	Fusobacteriaceae	Fusobacterium	Fusobacterium_periodonticum	SGB5989
SGB6050	uSGB	k__Bacteria-p__Fusobacteria-c__Fusobacteriia-o__Fusobacteriales-f__Leptotrichiaceae-g__GGB4395-s__GGB4395_SGB6050-t__SGB6050	Bacteria	Fusobacteria	Fusobacteriia	Fusobacteriales	Leptotrichiaceae	GGB4395	GGB4395_SGB6050	SGB6050
SGB6053	kSGB	k__Bacteria-p__Fusobacteria-c__Fusobacteriia-o__Fusobacteriales-f__Leptotrichiaceae-g__Leptotrichia-s__Leptotrichia_sp_oral_taxon_498-t__SGB6053	Bacteria	Fusobacteria	Fusobacteriia	Fusobacteriales	Leptotrichiaceae	Leptotrichia	Leptotrichia_sp_oral_taxon_498	SGB6053
SGB6058	kSGB	k__Bacteria-p__Fusobacteria-c__Fusobacteriia-o__Fusobacteriales-f__Leptotrichiaceae-g__Leptotrichia-s__Leptotrichia_buccalis-t__SGB6058	Bacteria	Fusobacteria	Fusobacteriia	Fusobacteriales	Leptotrichiaceae	Leptotrichia	Leptotrichia_buccalis	SGB6058
SGB6062	kSGB	k__Bacteria-p__Fusobacteria-c__Fusobacteriia-o__Fusobacteriales-f__Leptotrichiaceae-g__Leptotrichia-s__Leptotrichia_hofstadii-t__SGB6062	Bacteria	Fusobacteria	Fusobacteriia	Fusobacteriales	Leptotrichiaceae	Leptotrichia	Leptotrichia_hofstadii	SGB6062
SGB6063	kSGB	k__Bacteria-p__Fusobacteria-c__Fusobacteriia-o__Fusobacteriales-f__Leptotrichiaceae-g__Leptotrichia-s__Leptotrichia_massiliensis-t__SGB6063	Bacteria	Fusobacteria	Fusobacteriia	Fusobacteriales	Leptotrichiaceae	Leptotrichia	Leptotrichia_massiliensis	SGB6063
SGB6066	kSGB	k__Bacteria-p__Fusobacteria-c__Fusobacteriia-o__Fusobacteriales-f__Leptotrichiaceae-g__Leptotrichia-s__Leptotrichia_trevisanii-t__SGB6066	Bacteria	Fusobacteria	Fusobacteriia	Fusobacteriales	Leptotrichiaceae	Leptotrichia	Leptotrichia_trevisanii	SGB6066
SGB6067	kSGB	k__Bacteria-p__Fusobacteria-c__Fusobacteriia-o__Fusobacteriales-f__Leptotrichiaceae-g__Leptotrichia-s__Leptotrichia_sp_oral_taxon_215-t__SGB6067	Bacteria	Fusobacteria	Fusobacteriia	Fusobacteriales	Leptotrichiaceae	Leptotrichia	Leptotrichia_sp_oral_taxon_215	SGB6067
SGB6070	kSGB	k__Bacteria-p__Fusobacteria-c__Fusobacteriia-o__Fusobacteriales-f__Leptotrichiaceae-g__Leptotrichia-s__Leptotrichia_sp_oral_taxon_212-t__SGB6070	Bacteria	Fusobacteria	Fusobacteriia	Fusobacteriales	Leptotrichiaceae	Leptotrichia	Leptotrichia_sp_oral_taxon_212	SGB6070
SGB6073	kSGB	k__Bacteria-p__Fusobacteria-c__Fusobacteriia-o__Fusobacteriales-f__Leptotrichiaceae-g__Leptotrichia-s__Leptotrichia_goodfellowii-t__SGB6073	Bacteria	Fusobacteria	Fusobacteriia	Fusobacteriales	Leptotrichiaceae	Leptotrichia	Leptotrichia_goodfellowii	SGB6073
SGB6074	uSGB	k__Bacteria-p__Fusobacteria-c__Fusobacteriia-o__Fusobacteriales-f__Leptotrichiaceae-g__GGB4400-s__GGB4400_SGB6074-t__SGB6074	Bacteria	Fusobacteria	Fusobacteriia	Fusobacteriales	Leptotrichiaceae	GGB4400	GGB4400_SGB6074	SGB6074
SGB6256	uSGB	k__Bacteria-p__Firmicutes-c__CFGB1764-o__OFGB1764-f__FGB1764-g__GGB4538-s__GGB4538_SGB6256-t__SGB6256	Bacteria	Firmicutes	CFGB1764	OFGB1764	FGB1764	GGB4538	GGB4538_SGB6256	SGB6256
SGB6537	uSGB	k__Bacteria-p__Firmicutes-c__CFGB1780-o__OFGB1780-f__FGB1780-g__GGB4721-s__GGB4721_SGB6537-t__SGB6537	Bacteria	Firmicutes	CFGB1780	OFGB1780	FGB1780	GGB4721	GGB4721_SGB6537	SGB6537
SGB6555	uSGB	k__Bacteria-p__Fusobacteria-c__CFGB1781-o__OFGB1781-f__FGB1781-g__GGB4733-s__GGB4733_SGB6555-t__SGB6555	Bacteria	Fusobacteria	CFGB1781	OFGB1781	FGB1781	GGB4733	GGB4733_SGB6555	SGB6555
SGB6622	kSGB	k__Bacteria-p__Firmicutes-c__Clostridia-o__Clostridiales-f__Peptostreptococcaceae-g__Peptoanaerobacter-s__Eubacterium_yurii-t__SGB6622	Bacteria	Firmicutes	Clostridia	Clostridiales	Peptostreptococcaceae	Peptoanaerobacter	Eubacterium_yurii	SGB6622
SGB6629	kSGB	k__Bacteria-p__Firmicutes-c__Clostridia-o__Clostridiales-f__Peptostreptococcaceae-g__Filifactor-s__Filifactor_alocis-t__SGB6629	Bacteria	Firmicutes	Clostridia	Clostridiales	Peptostreptococcaceae	Filifactor	Filifactor_alocis	SGB6629
SGB6649	uSGB	k__Bacteria-p__Firmicutes-c__Tissierellia-o__Tissierellales-f__Peptoniphilaceae-g__Parvimonas-s__Parvimonas_SGB6649-t__SGB6649	Bacteria	Firmicutes	Tissierellia	Tissierellales	Peptoniphilaceae	Parvimonas	Parvimonas_SGB6649	SGB6649
SGB6653	kSGB	k__Bacteria-p__Firmicutes-c__Tissierellia-o__Tissierellales-f__Peptoniphilaceae-g__Parvimonas-s__Parvimonas_micra-t__SGB6653	Bacteria	Firmicutes	Tissierellia	Tissierellales	Peptoniphilaceae	Parvimonas	Parvimonas_micra	SGB6653
SGB6820	kSGB	k__Bacteria-p__Firmicutes-c__Erysipelotrichia-o__Erysipelotrichales-f__Erysipelotrichaceae-g__Bulleidia-s__Bulleidia_extructa-t__SGB6820	Bacteria	Firmicutes	Erysipelotrichia	Erysipelotrichales	Erysipelotrichaceae	Bulleidia	Bulleidia_extructa	SGB6820
SGB6889	uSGB	k__Bacteria-p__Firmicutes-c__CFGB1860-o__OFGB1860-f__FGB1860-g__GGB4936-s__GGB4936_SGB6889-t__SGB6889	Bacteria	Firmicutes	CFGB1860	OFGB1860	FGB1860	GGB4936	GGB4936_SGB6889	SGB6889
SGB6891	uSGB	k__Bacteria-p__Firmicutes-c__CFGB1860-o__OFGB1860-f__FGB1860-g__GGB4937-s__GGB4937_SGB6891-t__SGB6891	Bacteria	Firmicutes	CFGB1860	OFGB1860	FGB1860	GGB4937	GGB4937_SGB6891	SGB6891
SGB6893	uSGB	k__Bacteria-p__Firmicutes-c__CFGB1860-o__OFGB1860-f__FGB1860-g__GGB4938-s__GGB4938_SGB6893-t__SGB6893	Bacteria	Firmicutes	CFGB1860	OFGB1860	FGB1860	GGB4938	GGB4938_SGB6893	SGB6893
SGB6894	uSGB	k__Bacteria-p__Firmicutes-c__CFGB1860-o__OFGB1860-f__FGB1860-g__GGB4938-s__GGB4938_SGB6894-t__SGB6894	Bacteria	Firmicutes	CFGB1860	OFGB1860	FGB1860	GGB4938	GGB4938_SGB6894	SGB6894
SGB6934	kSGB	k__Bacteria-p__Firmicutes-c__Negativicutes-o__Veillonellales-f__Veillonellaceae-g__Veillonella-s__Veillonella_sp_3627-t__SGB6934	Bacteria	Firmicutes	Negativicutes	Veillonellales	Veillonellaceae	Veillonella	Veillonella_sp_3627	SGB6934
SGB6935	kSGB	k__Bacteria-p__Firmicutes-c__Negativicutes-o__Veillonellales-f__Veillonellaceae-g__Veillonella-s__Veillonella_tobetsuensis-t__SGB6935	Bacteria	Firmicutes	Negativicutes	Veillonellales	Veillonellaceae	Veillonella	Veillonella_tobetsuensis	SGB6935
SGB6936	kSGB	k__Bacteria-p__Firmicutes-c__Negativicutes-o__Veillonellales-f__Veillonellaceae-g__Veillonella-s__Veillonella_atypica-t__SGB6936	Bacteria	Firmicutes	Negativicutes	Veillonellales	Veillonellaceae	Veillonella	Veillonella_atypica	SGB6936
SGB6939	kSGB	k__Bacteria-p__Firmicutes-c__Negativicutes-o__Veillonellales-f__Veillonellaceae-g__Veillonella-s__Veillonella_parvula-t__SGB6939	Bacteria	Firmicutes	Negativicutes	Veillonellales	Veillonellaceae	Veillonella	Veillonella_parvula	SGB6939
SGB6952	kSGB	k__Bacteria-p__Firmicutes-c__Negativicutes-o__Veillonellales-f__Veillonellaceae-g__Veillonella-s__Veillonella_dispar-t__SGB6952	Bacteria	Firmicutes	Negativicutes	Veillonellales	Veillonellaceae	Veillonella	Veillonella_dispar	SGB6952
SGB6956	kSGB	k__Bacteria-p__Firmicutes-c__Negativicutes-o__Veillonellales-f__Veillonellaceae-g__Veillonella-s__Veillonella_rogosae-t__SGB6956	Bacteria	Firmicutes	Negativicutes	Veillonellales	Veillonellaceae	Veillonella	Veillonella_rogosae	SGB6956
SGB7284	uSGB	k__Bacteria-p__Firmicutes-c__Bacilli-o__Bacillales-f__Bacillales_unclassified-g__Gemella-s__Gemella_SGB7284-t__SGB7284	Bacteria	Firmicutes	Bacilli	Bacillales	Bacillales_unclassified	Gemella	Gemella_SGB7284	SGB7284
SGB7285	kSGB	k__Bacteria-p__Firmicutes-c__Bacilli-o__Bacillales-f__Bacillales_unclassified-g__Gemella-s__Gemella_haemolysans-t__SGB7285	Bacteria	Firmicutes	Bacilli	Bacillales	Bacillales_unclassified	Gemella	Gemella_haemolysans	SGB7285
SGB7292	kSGB	k__Bacteria-p__Firmicutes-c__Bacilli-o__Bacillales-f__Bacillales_unclassified-g__Gemella-s__Gemella_haemolysans-t__SGB7292	Bacteria	Firmicutes	Bacilli	Bacillales	Bacillales_unclassified	Gemella	Gemella_haemolysans	SGB7292
SGB7295	kSGB	k__Bacteria-p__Firmicutes-c__Bacilli-o__Bacillales-f__Bacillales_unclassified-g__Gemella-s__Gemella_morbillorum-t__SGB7295	Bacteria	Firmicutes	Bacilli	Bacillales	Bacillales_unclassified	Gemella	Gemella_morbillorum	SGB7295
SGB7298	kSGB	k__Bacteria-p__Firmicutes-c__Bacilli-o__Bacillales-f__Bacillales_unclassified-g__Gemella-s__Gemella_sanguinis-t__SGB7298	Bacteria	Firmicutes	Bacilli	Bacillales	Bacillales_unclassified	Gemella	Gemella_sanguinis	SGB7298
SGB749	uSGB	k__Bacteria-p__Firmicutes-c__Clostridia-o__Clostridiales-f__Peptostreptococcaceae-g__Peptostreptococcus-s__Peptostreptococcus_SGB749-t__SGB749	Bacteria	Firmicutes	Clostridia	Clostridiales	Peptostreptococcaceae	Peptostreptococcus	Peptostreptococcus_SGB749	SGB749
SGB8000	kSGB	k__Bacteria-p__Firmicutes-c__Bacilli-o__Lactobacillales-f__Streptococcaceae-g__Streptococcus-s__Streptococcus_mutans-t__SGB8000	Bacteria	Firmicutes	Bacilli	Lactobacillales	Streptococcaceae	Streptococcus	Streptococcus_mutans	SGB8000
SGB8031	kSGB	k__Bacteria-p__Firmicutes-c__Bacilli-o__Lactobacillales-f__Streptococcaceae-g__Streptococcus-s__Streptococcus_cristatus-t__SGB8031	Bacteria	Firmicutes	Bacilli	Lactobacillales	Streptococcaceae	Streptococcus	Streptococcus_cristatus	SGB8031
SGB8047	kSGB	k__Bacteria-p__Firmicutes-c__Bacilli-o__Lactobacillales-f__Streptococcaceae-g__Streptococcus-s__Streptococcus_sanguinis-t__SGB8047	Bacteria	Firmicutes	Bacilli	Lactobacillales	Streptococcaceae	Streptococcus	Streptococcus_sanguinis	SGB8047
SGB8053	kSGB	k__Bacteria-p__Firmicutes-c__Bacilli-o__Lactobacillales-f__Streptococcaceae-g__Streptococcus-s__Streptococcus_gordonii-t__SGB8053	Bacteria	Firmicutes	Bacilli	Lactobacillales	Streptococcaceae	Streptococcus	Streptococcus_gordonii	SGB8053
SGB8054	kSGB	k__Bacteria-p__Firmicutes-c__Bacilli-o__Lactobacillales-f__Streptococcaceae-g__Streptococcus-s__Streptococcus_sp_oral_taxon_056-t__SGB8054	Bacteria	Firmicutes	Bacilli	Lactobacillales	Streptococcaceae	Streptococcus	Streptococcus_sp_oral_taxon_056	SGB8054
SGB8056	kSGB	k__Bacteria-p__Firmicutes-c__Bacilli-o__Lactobacillales-f__Streptococcaceae-g__Streptococcus-s__Streptococcus_rubneri-t__SGB8056	Bacteria	Firmicutes	Bacilli	Lactobacillales	Streptococcaceae	Streptococcus	Streptococcus_rubneri	SGB8056
SGB8061	kSGB	k__Bacteria-p__Firmicutes-c__Bacilli-o__Lactobacillales-f__Streptococcaceae-g__Streptococcus-s__Streptococcus_australis-t__SGB8061	Bacteria	Firmicutes	Bacilli	Lactobacillales	Streptococcaceae	Streptococcus	Streptococcus_australis	SGB8061
SGB8076	kSGB	k__Bacteria-p__Firmicutes-c__Bacilli-o__Lactobacillales-f__Streptococcaceae-g__Streptococcus-s__Streptococcus_parasanguinis-t__SGB8076	Bacteria	Firmicutes	Bacilli	Lactobacillales	Streptococcaceae	Streptococcus	Streptococcus_parasanguinis	SGB8076
SGB8091	kSGB	k__Bacteria-p__Firmicutes-c__Bacilli-o__Lactobacillales-f__Streptococcaceae-g__Streptococcus-s__Streptococcus_timonensis-t__SGB8091	Bacteria	Firmicutes	Bacilli	Lactobacillales	Streptococcaceae	Streptococcus	Streptococcus_timonensis	SGB8091
SGB8117	kSGB	k__Bacteria-p__Firmicutes-c__Bacilli-o__Lactobacillales-f__Streptococcaceae-g__Streptococcus-s__Streptococcus_oralis-t__SGB8117	Bacteria	Firmicutes	Bacilli	Lactobacillales	Streptococcaceae	Streptococcus	Streptococcus_oralis	SGB8117
SGB8121	kSGB	k__Bacteria-p__Firmicutes-c__Bacilli-o__Lactobacillales-f__Streptococcaceae-g__Streptococcus-s__Streptococcus_oralis-t__SGB8121	Bacteria	Firmicutes	Bacilli	Lactobacillales	Streptococcaceae	Streptococcus	Streptococcus_oralis	SGB8121
SGB8235	kSGB	k__Bacteria-p__Firmicutes-c__Bacilli-o__Lactobacillales-f__Aerococcaceae-g__Abiotrophia-s__Abiotrophia_defectiva-t__SGB8235	Bacteria	Firmicutes	Bacilli	Lactobacillales	Aerococcaceae	Abiotrophia	Abiotrophia_defectiva	SGB8235
SGB8236	kSGB	k__Bacteria-p__Firmicutes-c__Bacilli-o__Lactobacillales-f__Aerococcaceae-g__Abiotrophia-s__Abiotrophia_sp_HMSC24B09-t__SGB8236	Bacteria	Firmicutes	Bacilli	Lactobacillales	Aerococcaceae	Abiotrophia	Abiotrophia_sp_HMSC24B09	SGB8236
SGB8245	kSGB	k__Bacteria-p__Firmicutes-c__Bacilli-o__Lactobacillales-f__Carnobacteriaceae-g__Granulicatella-s__Granulicatella_elegans-t__SGB8245	Bacteria	Firmicutes	Bacilli	Lactobacillales	Carnobacteriaceae	Granulicatella	Granulicatella_elegans	SGB8245
SGB8249	kSGB	k__Bacteria-p__Firmicutes-c__Bacilli-o__Lactobacillales-f__Carnobacteriaceae-g__Granulicatella-s__Granulicatella_adiacens-t__SGB8249	Bacteria	Firmicutes	Bacilli	Lactobacillales	Carnobacteriaceae	Granulicatella	Granulicatella_adiacens	SGB8249
SGB9416	kSGB	k__Bacteria-p__Proteobacteria-c__Gammaproteobacteria-o__Cardiobacteriales-f__Cardiobacteriaceae-g__Cardiobacterium-s__Cardiobacterium_valvarum-t__SGB9416	Bacteria	Proteobacteria	Gammaproteobacteria	Cardiobacteriales	Cardiobacteriaceae	Cardiobacterium	Cardiobacterium_valvarum	SGB9416
SGB9418	kSGB	k__Bacteria-p__Proteobacteria-c__Gammaproteobacteria-o__Cardiobacteriales-f__Cardiobacteriaceae-g__Cardiobacterium-s__Cardiobacterium_hominis-t__SGB9418	Bacteria	Proteobacteria	Gammaproteobacteria	Cardiobacteriales	Cardiobacteriaceae	Cardiobacterium	Cardiobacterium_hominis	SGB9418
SGB9422	kSGB	k__Bacteria-p__Proteobacteria-c__Betaproteobacteria-o__Neisseriales-f__Neisseriaceae-g__Kingella-s__Kingella_oralis-t__SGB9422	Bacteria	Proteobacteria	Betaproteobacteria	Neisseriales	Neisseriaceae	Kingella	Kingella_oralis	SGB9422
SGB9425	uSGB	k__Bacteria-p__Proteobacteria-c__Betaproteobacteria-o__Neisseriales-f__Neisseriaceae-g__GGB6675-s__GGB6675_SGB9425-t__SGB9425	Bacteria	Proteobacteria	Betaproteobacteria	Neisseriales	Neisseriaceae	GGB6675	GGB6675_SGB9425	SGB9425
SGB9434	kSGB	k__Bacteria-p__Proteobacteria-c__Betaproteobacteria-o__Neisseriales-f__Neisseriaceae-g__Eikenella-s__Eikenella_corrodens-t__SGB9434	Bacteria	Proteobacteria	Betaproteobacteria	Neisseriales	Neisseriaceae	Eikenella	Eikenella_corrodens	SGB9434
SGB9437	kSGB	k__Bacteria-p__Proteobacteria-c__Betaproteobacteria-o__Neisseriales-f__Neisseriaceae-g__Kingella-s__Kingella_denitrificans-t__SGB9437	Bacteria	Proteobacteria	Betaproteobacteria	Neisseriales	Neisseriaceae	Kingella	Kingella_denitrificans	SGB9437
SGB9447	kSGB	k__Bacteria-p__Proteobacteria-c__Betaproteobacteria-o__Neisseriales-f__Neisseriaceae-g__Neisseria-s__Neisseria_elongata-t__SGB9447	Bacteria	Proteobacteria	Betaproteobacteria	Neisseriales	Neisseriaceae	Neisseria	Neisseria_elongata	SGB9447
SGB9460	kSGB	k__Bacteria-p__Proteobacteria-c__Betaproteobacteria-o__Neisseriales-f__Neisseriaceae-g__Neisseria-s__Neisseria_cinerea-t__SGB9460	Bacteria	Proteobacteria	Betaproteobacteria	Neisseriales	Neisseriaceae	Neisseria	Neisseria_cinerea	SGB9460
SGB9463	kSGB	k__Bacteria-p__Proteobacteria-c__Betaproteobacteria-o__Neisseriales-f__Neisseriaceae-g__Neisseria-s__Neisseria_sp_oral_taxon_014-t__SGB9463	Bacteria	Proteobacteria	Betaproteobacteria	Neisseriales	Neisseriaceae	Neisseria	Neisseria_sp_oral_taxon_014	SGB9463
SGB9465	kSGB	k__Bacteria-p__Proteobacteria-c__Betaproteobacteria-o__Neisseriales-f__Neisseriaceae-g__Neisseria-s__Neisseria_sicca-t__SGB9465	Bacteria	Proteobacteria	Betaproteobacteria	Neisseriales	Neisseriaceae	Neisseria	Neisseria_sicca	SGB9465
SGB9467	kSGB	k__Bacteria-p__Proteobacteria-c__Betaproteobacteria-o__Neisseriales-f__Neisseriaceae-g__Neisseria-s__Neisseria_sicca-t__SGB9467	Bacteria	Proteobacteria	Betaproteobacteria	Neisseriales	Neisseriaceae	Neisseria	Neisseria_sicca	SGB9467
SGB9474	kSGB	k__Bacteria-p__Proteobacteria-c__Betaproteobacteria-o__Neisseriales-f__Neisseriaceae-g__Simonsiella-s__Simonsiella_muelleri-t__SGB9474	Bacteria	Proteobacteria	Betaproteobacteria	Neisseriales	Neisseriaceae	Simonsiella	Simonsiella_muelleri	SGB9474
SGB9631	kSGB	k__Bacteria-p__Proteobacteria-c__Gammaproteobacteria-o__Pasteurellales-f__Pasteurellaceae-g__Haemophilus-s__Haemophilus_sputorum-t__SGB9631	Bacteria	Proteobacteria	Gammaproteobacteria	Pasteurellales	Pasteurellaceae	Haemophilus	Haemophilus_sputorum	SGB9631
SGB9632	kSGB	k__Bacteria-p__Proteobacteria-c__Gammaproteobacteria-o__Pasteurellales-f__Pasteurellaceae-g__Haemophilus-s__Haemophilus_parahaemolyticus-t__SGB9632	Bacteria	Proteobacteria	Gammaproteobacteria	Pasteurellales	Pasteurellaceae	Haemophilus	Haemophilus_parahaemolyticus	SGB9632
SGB9634	kSGB	k__Bacteria-p__Proteobacteria-c__Gammaproteobacteria-o__Pasteurellales-f__Pasteurellaceae-g__Haemophilus-s__Haemophilus_paraphrohaemolyticus-t__SGB9634	Bacteria	Proteobacteria	Gammaproteobacteria	Pasteurellales	Pasteurellaceae	Haemophilus	Haemophilus_paraphrohaemolyticus	SGB9634
SGB972	kSGB	k__Bacteria-p__Actinobacteria-c__Coriobacteriia-o__Coriobacteriales-f__Atopobiaceae-g__Atopobium-s__Atopobium_parvulum-t__SGB972	Bacteria	Actinobacteria	Coriobacteriia	Coriobacteriales	Atopobiaceae	Atopobium	Atopobium_parvulum	SGB972
SGB9728	uSGB	k__Bacteria-p__Proteobacteria-c__Gammaproteobacteria-o__Pasteurellales-f__Pasteurellaceae-g__GGB6814-s__GGB6814_SGB9728-t__SGB9728	Bacteria	Proteobacteria	Gammaproteobacteria	Pasteurellales	Pasteurellaceae	GGB6814	GGB6814_SGB9728	SGB9728
SGB9731	kSGB	k__Bacteria-p__Proteobacteria-c__Gammaproteobacteria-o__Pasteurellales-f__Pasteurellaceae-g__Aggregatibacter-s__Aggregatibacter_aphrophilus-t__SGB9731	Bacteria	Proteobacteria	Gammaproteobacteria	Pasteurellales	Pasteurellaceae	Aggregatibacter	Aggregatibacter_aphrophilus	SGB9731
SGB9733	kSGB	k__Bacteria-p__Proteobacteria-c__Gammaproteobacteria-o__Pasteurellales-f__Pasteurellaceae-g__Aggregatibacter-s__Aggregatibacter_sp_oral_taxon_458-t__SGB9733	Bacteria	Proteobacteria	Gammaproteobacteria	Pasteurellales	Pasteurellaceae	Aggregatibacter	Aggregatibacter_sp_oral_taxon_458	SGB9733
SGB985	kSGB	k__Bacteria-p__Actinobacteria-c__Coriobacteriia-o__Coriobacteriales-f__Atopobiaceae-g__Atopobium-s__Atopobium_rimae-t__SGB985	Bacteria	Actinobacteria	Coriobacteriia	Coriobacteriales	Atopobiaceae	Atopobium	Atopobium_rimae	SGB985
SGB1458_group	kSGB	k__Bacteria-p__Bacteroidetes-c__Bacteroidia-o__Bacteroidales-f__Prevotellaceae-g__Prevotella-s__Prevotella_conceptionensis-t__SGB1458	Bacteria	Bacteroidetes	Bacteroidia	Bacteroidales	Prevotellaceae	Prevotella	Prevotella_conceptionensis	SGB1458
SGB1458_group	kSGB	k__Bacteria-p__Bacteroidetes-c__Bacteroidia-o__Bacteroidales-f__Prevotellaceae-g__Prevotella-s__Prevotella_SGB1459-t__SGB1459	Bacteria	Bacteroidetes	Bacteroidia	Bacteroidales	Prevotellaceae	Prevotella	Prevotella_SGB1459	SGB1459
SGB16975_group	kSGB	k__Bacteria-p__Actinobacteria-c__Actinobacteria-o__Micrococcales-f__Micrococcaceae-g__Rothia-s__Rothia_mucilaginosa-t__SGB16975	Bacteria	Actinobacteria	Actinobacteria	Micrococcales	Micrococcaceae	Rothia	Rothia_mucilaginosa	SGB16975
SGB16975_group	kSGB	k__Bacteria-p__Actinobacteria-c__Actinobacteria-o__Micrococcales-f__Micrococcaceae-g__Rothia-s__Rothia_sp_HMSC061E04-t__SGB16974	Bacteria	Actinobacteria	Actinobacteria	Micrococcales	Micrococcaceae	Rothia	Rothia_sp_HMSC061E04	SGB16974
SGB17132_group	kSGB	k__Bacteria-p__Actinobacteria-c__Actinobacteria-o__Actinomycetales-f__Actinomycetaceae-g__Actinomyces-s__Actinomyces_sp_S6_Spd3-t__SGB17132	Bacteria	Actinobacteria	Actinobacteria	Actinomycetales	Actinomycetaceae	Actinomyces	Actinomyces_sp_S6_Spd3	SGB17132
SGB17132_group	kSGB	k__Bacteria-p__Actinobacteria-c__Actinobacteria-o__Actinomycetales-f__Actinomycetaceae-g__Actinomyces-s__Actinomyces_marseillensis-t__SGB17133	Bacteria	Actinobacteria	Actinobacteria	Actinomycetales	Actinomycetaceae	Actinomyces	Actinomyces_marseillensis	SGB17133
SGB17138_group	kSGB	k__Bacteria-p__Actinobacteria-c__Actinobacteria-o__Actinomycetales-f__Actinomycetaceae-g__Actinomyces-s__Actinomyces_sp_oral_taxon_181-t__SGB17138	Bacteria	Actinobacteria	Actinobacteria	Actinomycetales	Actinomycetaceae	Actinomyces	Actinomyces_sp_oral_taxon_181	SGB17138
SGB17138_group	kSGB	k__Bacteria-p__Actinobacteria-c__Actinobacteria-o__Actinomycetales-f__Actinomycetaceae-g__Trueperella-s__Trueperella_pyogenes-t__SGB17137	Bacteria	Actinobacteria	Actinobacteria	Actinomycetales	Actinomycetaceae	Trueperella	Trueperella_pyogenes	SGB17137
SGB17161_group	kSGB	k__Bacteria-p__Actinobacteria-c__Actinobacteria-o__Actinomycetales-f__Actinomycetaceae-g__Schaalia-s__Schaalia_odontolytica-t__SGB17161	Bacteria	Actinobacteria	Actinobacteria	Actinomycetales	Actinomycetaceae	Schaalia	Schaalia_odontolytica	SGB17161
SGB17161_group	kSGB	k__Bacteria-p__Actinobacteria-c__Actinobacteria-o__Actinomycetales-f__Actinomycetaceae-g__Actinomyces-s__Actinomyces_sp_HMSC035G02-t__SGB17158	Bacteria	Actinobacteria	Actinobacteria	Actinomycetales	Actinomycetaceae	Actinomyces	Actinomyces_sp_HMSC035G02	SGB17158
SGB17161_group	kSGB	k__Bacteria-p__Actinobacteria-c__Actinobacteria-o__Micrococcales-f__Sanguibacteraceae-g__Sanguibacter-s__Sanguibacter_keddieii-t__SGB17159	Bacteria	Actinobacteria	Actinobacteria	Micrococcales	Sanguibacteraceae	Sanguibacter	Sanguibacter_keddieii	SGB17159
SGB17161_group	kSGB	k__Bacteria-p__Actinobacteria-c__Actinobacteria-o__Actinomycetales-f__Actinomycetaceae-g__Schaalia-s__Schaalia_odontolytica-t__SGB17164	Bacteria	Actinobacteria	Actinobacteria	Actinomycetales	Actinomycetaceae	Schaalia	Schaalia_odontolytica	SGB17164
SGB2502_group	kSGB	k__Bacteria-p__Bacteroidetes-c__Flavobacteriia-o__Flavobacteriales-f__Flavobacteriaceae-g__Capnocytophaga-s__Capnocytophaga_sputigena-t__SGB2502	Bacteria	Bacteroidetes	Flavobacteriia	Flavobacteriales	Flavobacteriaceae	Capnocytophaga	Capnocytophaga_sputigena	SGB2502
SGB2502_group	kSGB	k__Bacteria-p__Bacteroidetes-c__Flavobacteriia-o__Flavobacteriales-f__Flavobacteriaceae-g__Capnocytophaga-s__Capnocytophaga_SGB2499-t__SGB2499	Bacteria	Bacteroidetes	Flavobacteriia	Flavobacteriales	Flavobacteriaceae	Capnocytophaga	Capnocytophaga_SGB2499	SGB2499
SGB2524_group	uSGB	k__Bacteria-p__Bacteroidetes-c__Flavobacteriia-o__Flavobacteriales-f__Flavobacteriaceae-g__GGB1843-s__GGB1843_SGB2524-t__SGB2524	Bacteria	Bacteroidetes	Flavobacteriia	Flavobacteriales	Flavobacteriaceae	GGB1843	GGB1843_SGB2524	SGB2524
SGB2524_group	uSGB	k__Bacteria-p__Bacteroidetes-c__Flavobacteriia-o__Flavobacteriales-f__Flavobacteriaceae-g__GGB1843-s__GGB1843_SGB2517-t__SGB2517	Bacteria	Bacteroidetes	Flavobacteriia	Flavobacteriales	Flavobacteriaceae	GGB1843	GGB1843_SGB2517	SGB2517
SGB2524_group	uSGB	k__Bacteria-p__Bacteroidetes-c__Flavobacteriia-o__Flavobacteriales-f__Flavobacteriaceae-g__GGB1843-s__GGB1843_SGB2516-t__SGB2516	Bacteria	Bacteroidetes	Flavobacteriia	Flavobacteriales	Flavobacteriaceae	GGB1843	GGB1843_SGB2516	SGB2516
SGB4473_group	uSGB	k__Bacteria-p__Firmicutes-c__CFGB1394-o__OFGB1394-f__FGB1394-g__GGB3385-s__GGB3385_SGB4473-t__SGB4473	Bacteria	Firmicutes	CFGB1394	OFGB1394	FGB1394	GGB3385	GGB3385_SGB4473	SGB4473
SGB4473_group	uSGB	k__Bacteria-p__Firmicutes-c__CFGB1394-o__OFGB1394-f__FGB1394-g__GGB3385-s__GGB3385_SGB4472-t__SGB4472	Bacteria	Firmicutes	CFGB1394	OFGB1394	FGB1394	GGB3385	GGB3385_SGB4472	SGB4472
SGB5880_group	uSGB	k__Bacteria-p__Firmicutes-c__Negativicutes-o__Selenomonadales-f__Selenomonadaceae-g__Selenomonas-s__Selenomonas_SGB5880-t__SGB5880	Bacteria	Firmicutes	Negativicutes	Selenomonadales	Selenomonadaceae	Selenomonas	Selenomonas_SGB5880	SGB5880
SGB5880_group	uSGB	k__Bacteria-p__Firmicutes-c__Negativicutes-o__Selenomonadales-f__Selenomonadaceae-g__Selenomonas-s__Selenomonas_felix-t__SGB5881	Bacteria	Firmicutes	Negativicutes	Selenomonadales	Selenomonadaceae	Selenomonas	Selenomonas_felix	SGB5881
SGB6001_group	kSGB	k__Bacteria-p__Fusobacteria-c__Fusobacteriia-o__Fusobacteriales-f__Fusobacteriaceae-g__Fusobacterium-s__Fusobacterium_nucleatum-t__SGB6001	Bacteria	Fusobacteria	Fusobacteriia	Fusobacteriales	Fusobacteriaceae	Fusobacterium	Fusobacterium_nucleatum	SGB6001
SGB6001_group	kSGB	k__Bacteria-p__Fusobacteria-c__Fusobacteriia-o__Fusobacteriales-f__Fusobacteriaceae-g__Fusobacterium-s__Fusobacterium_hwasookii-t__SGB5997	Bacteria	Fusobacteria	Fusobacteriia	Fusobacteriales	Fusobacteriaceae	Fusobacterium	Fusobacterium_hwasookii	SGB5997
SGB6001_group	kSGB	k__Bacteria-p__Fusobacteria-c__Fusobacteriia-o__Fusobacteriales-f__Fusobacteriaceae-g__Fusobacterium-s__Fusobacterium_canifelinum-t__SGB29027	Bacteria	Fusobacteria	Fusobacteriia	Fusobacteriales	Fusobacteriaceae	Fusobacterium	Fusobacterium_canifelinum	SGB29027
SGB6001_group	kSGB	k__Bacteria-p__Fusobacteria-c__Fusobacteriia-o__Fusobacteriales-f__Fusobacteriaceae-g__Fusobacterium-s__Fusobacterium_nucleatum-t__SGB6014	Bacteria	Fusobacteria	Fusobacteriia	Fusobacteriales	Fusobacteriaceae	Fusobacterium	Fusobacterium_nucleatum	SGB6014
SGB6001_group	kSGB	k__Bacteria-p__Fusobacteria-c__Fusobacteriia-o__Fusobacteriales-f__Fusobacteriaceae-g__Fusobacterium-s__Fusobacterium_nucleatum-t__SGB6011	Bacteria	Fusobacteria	Fusobacteriia	Fusobacteriales	Fusobacteriaceae	Fusobacterium	Fusobacterium_nucleatum	SGB6011
SGB6001_group	kSGB	k__Bacteria-p__Fusobacteria-c__Fusobacteriia-o__Fusobacteriales-f__Fusobacteriaceae-g__Fusobacterium-s__Fusobacterium_nucleatum-t__SGB6007	Bacteria	Fusobacteria	Fusobacteriia	Fusobacteriales	Fusobacteriaceae	Fusobacterium	Fusobacterium_nucleatum	SGB6007
SGB6055_group	uSGB	k__Bacteria-p__Fusobacteria-c__Fusobacteriia-o__Fusobacteriales-f__Leptotrichiaceae-g__Leptotrichia-s__Leptotrichia_SGB6055-t__SGB6055	Bacteria	Fusobacteria	Fusobacteriia	Fusobacteriales	Leptotrichiaceae	Leptotrichia	Leptotrichia_SGB6055	SGB6055
SGB6055_group	uSGB	k__Bacteria-p__Fusobacteria-c__Fusobacteriia-o__Fusobacteriales-f__Leptotrichiaceae-g__Leptotrichia-s__Leptotrichia_wadei-t__SGB6054	Bacteria	Fusobacteria	Fusobacteriia	Fusobacteriales	Leptotrichiaceae	Leptotrichia	Leptotrichia_wadei	SGB6054
SGB6055_group	uSGB	k__Bacteria-p__Fusobacteria-c__Fusobacteriia-o__Fusobacteriales-f__Leptotrichiaceae-g__Leptotrichia-s__Leptotrichia_shahii-t__SGB29045	Bacteria	Fusobacteria	Fusobacteriia	Fusobacteriales	Leptotrichiaceae	Leptotrichia	Leptotrichia_shahii	SGB29045
SGB6829_group	uSGB	k__Bacteria-p__Firmicutes-c__Erysipelotrichia-o__Erysipelotrichales-f__Erysipelotrichaceae-g__Solobacterium-s__Solobacterium_SGB6829-t__SGB6829	Bacteria	Firmicutes	Erysipelotrichia	Erysipelotrichales	Erysipelotrichaceae	Solobacterium	Solobacterium_SGB6829	SGB6829
SGB6829_group	uSGB	k__Bacteria-p__Firmicutes-c__Erysipelotrichia-o__Erysipelotrichales-f__Erysipelotrichaceae-g__Solobacterium-s__Solobacterium_moorei-t__SGB6826	Bacteria	Firmicutes	Erysipelotrichia	Erysipelotrichales	Erysipelotrichaceae	Solobacterium	Solobacterium_moorei	SGB6826
SGB6833_group	uSGB	k__Bacteria-p__Firmicutes-c__Erysipelotrichia-o__Erysipelotrichales-f__Erysipelotrichaceae-g__Solobacterium-s__Solobacterium_SGB6833-t__SGB6833	Bacteria	Firmicutes	Erysipelotrichia	Erysipelotrichales	Erysipelotrichaceae	Solobacterium	Solobacterium_SGB6833	SGB6833
SGB6833_group	uSGB	k__Bacteria-p__Firmicutes-c__Erysipelotrichia-o__Erysipelotrichales-f__Erysipelotrichaceae-g__Solobacterium-s__Solobacterium_SGB6834-t__SGB6834	Bacteria	Firmicutes	Erysipelotrichia	Erysipelotrichales	Erysipelotrichaceae	Solobacterium	Solobacterium_SGB6834	SGB6834
SGB8002_group	kSGB	k__Bacteria-p__Firmicutes-c__Bacilli-o__Lactobacillales-f__Streptococcaceae-g__Streptococcus-s__Streptococcus_thermophilus-t__SGB8002	Bacteria	Firmicutes	Bacilli	Lactobacillales	Streptococcaceae	Streptococcus	Streptococcus_thermophilus	SGB8002
SGB8002_group	kSGB	k__Bacteria-p__Firmicutes-c__Bacilli-o__Lactobacillales-f__Streptococcaceae-g__Streptococcus-s__Streptococcus_salivarius-t__SGB8007	Bacteria	Firmicutes	Bacilli	Lactobacillales	Streptococcaceae	Streptococcus	Streptococcus_salivarius	SGB8007
SGB8002_group	kSGB	k__Bacteria-p__Firmicutes-c__Bacilli-o__Lactobacillales-f__Streptococcaceae-g__Streptococcus-s__Streptococcus_salivarius-t__SGB8010	Bacteria	Firmicutes	Bacilli	Lactobacillales	Streptococcaceae	Streptococcus	Streptococcus_salivarius	SGB8010
SGB8002_group	kSGB	k__Bacteria-p__Firmicutes-c__Bacilli-o__Lactobacillales-f__Streptococcaceae-g__Streptococcus-s__Streptococcus_vestibularis-t__SGB8003	Bacteria	Firmicutes	Bacilli	Lactobacillales	Streptococcaceae	Streptococcus	Streptococcus_vestibularis	SGB8003
SGB8025_group	kSGB	k__Bacteria-p__Firmicutes-c__Bacilli-o__Lactobacillales-f__Streptococcaceae-g__Streptococcus-s__Streptococcus_intermedius-t__SGB8025	Bacteria	Firmicutes	Bacilli	Lactobacillales	Streptococcaceae	Streptococcus	Streptococcus_intermedius	SGB8025
SGB8025_group	kSGB	k__Bacteria-p__Firmicutes-c__Bacilli-o__Lactobacillales-f__Streptococcaceae-g__Streptococcus-s__Streptococcus_constellatus-t__SGB8026	Bacteria	Firmicutes	Bacilli	Lactobacillales	Streptococcaceae	Streptococcus	Streptococcus_constellatus	SGB8026
SGB8027_group	kSGB	k__Bacteria-p__Firmicutes-c__Bacilli-o__Lactobacillales-f__Streptococcaceae-g__Streptococcus-s__Streptococcus_anginosus-t__SGB8027	Bacteria	Firmicutes	Bacilli	Lactobacillales	Streptococcaceae	Streptococcus	Streptococcus_anginosus	SGB8027
SGB8027_group	kSGB	k__Bacteria-p__Firmicutes-c__Bacilli-o__Lactobacillales-f__Streptococcaceae-g__Streptococcus-s__Streptococcus_anginosus-t__SGB8028	Bacteria	Firmicutes	Bacilli	Lactobacillales	Streptococcaceae	Streptococcus	Streptococcus_anginosus	SGB8028
SGB8095_group	kSGB	k__Bacteria-p__Firmicutes-c__Bacilli-o__Lactobacillales-f__Streptococcaceae-g__Streptococcus-s__Streptococcus_infantis-t__SGB8095	Bacteria	Firmicutes	Bacilli	Lactobacillales	Streptococcaceae	Streptococcus	Streptococcus_infantis	SGB8095
SGB8095_group	kSGB	k__Bacteria-p__Firmicutes-c__Bacilli-o__Lactobacillales-f__Streptococcaceae-g__Streptococcus-s__Streptococcus_peroris-t__SGB8084	Bacteria	Firmicutes	Bacilli	Lactobacillales	Streptococcaceae	Streptococcus	Streptococcus_peroris	SGB8084
SGB8095_group	kSGB	k__Bacteria-p__Firmicutes-c__Bacilli-o__Lactobacillales-f__Streptococcaceae-g__Streptococcus-s__Streptococcus_infantis-t__SGB8086	Bacteria	Firmicutes	Bacilli	Lactobacillales	Streptococcaceae	Streptococcus	Streptococcus_infantis	SGB8086
SGB8138_group	kSGB	k__Bacteria-p__Firmicutes-c__Bacilli-o__Lactobacillales-f__Streptococcaceae-g__Streptococcus-s__Streptococcus_pneumoniae-t__SGB8138	Bacteria	Firmicutes	Bacilli	Lactobacillales	Streptococcaceae	Streptococcus	Streptococcus_pneumoniae	SGB8138
SGB8138_group	kSGB	k__Bacteria-p__Firmicutes-c__Bacilli-o__Lactobacillales-f__Streptococcaceae-g__Streptococcus-s__Streptococcus_oralis-t__SGB29783	Bacteria	Firmicutes	Bacilli	Lactobacillales	Streptococcaceae	Streptococcus	Streptococcus_oralis	SGB29783
SGB8255_group	uSGB	k__Bacteria-p__Firmicutes-c__Bacilli-o__Lactobacillales-f__Carnobacteriaceae-g__Granulicatella-s__Granulicatella_SGB8255-t__SGB8255	Bacteria	Firmicutes	Bacilli	Lactobacillales	Carnobacteriaceae	Granulicatella	Granulicatella_SGB8255	SGB8255
SGB8255_group	uSGB	k__Bacteria-p__Firmicutes-c__Bacilli-o__Lactobacillales-f__Carnobacteriaceae-g__Granulicatella-s__Granulicatella_SGB8252-t__SGB8252	Bacteria	Firmicutes	Bacilli	Lactobacillales	Carnobacteriaceae	Granulicatella	Granulicatella_SGB8252	SGB8252
SGB9450_group	kSGB	k__Bacteria-p__Proteobacteria-c__Betaproteobacteria-o__Neisseriales-f__Neisseriaceae-g__Neisseria-s__Neisseria_subflava-t__SGB9450	Bacteria	Proteobacteria	Betaproteobacteria	Neisseriales	Neisseriaceae	Neisseria	Neisseria_subflava	SGB9450
SGB9450_group	kSGB	k__Bacteria-p__Proteobacteria-c__Betaproteobacteria-o__Neisseriales-f__Neisseriaceae-g__Neisseria-s__Neisseria_mucosa-t__SGB9449	Bacteria	Proteobacteria	Betaproteobacteria	Neisseriales	Neisseriaceae	Neisseria	Neisseria_mucosa	SGB9449
SGB9653_group	kSGB	k__Bacteria-p__Proteobacteria-c__Gammaproteobacteria-o__Pasteurellales-f__Pasteurellaceae-g__Haemophilus-s__Haemophilus_haemolyticus-t__SGB9653	Bacteria	Proteobacteria	Gammaproteobacteria	Pasteurellales	Pasteurellaceae	Haemophilus	Haemophilus_haemolyticus	SGB9653
SGB9653_group	kSGB	k__Bacteria-p__Proteobacteria-c__Gammaproteobacteria-o__Pasteurellales-f__Pasteurellaceae-g__Haemophilus-s__Haemophilus_haemolyticus-t__SGB9652	Bacteria	Proteobacteria	Gammaproteobacteria	Pasteurellales	Pasteurellaceae	Haemophilus	Haemophilus_haemolyticus	SGB9652
SGB9653_group	kSGB	k__Bacteria-p__Proteobacteria-c__Gammaproteobacteria-o__Pasteurellales-f__Pasteurellaceae-g__Haemophilus-s__Haemophilus_quentini-t__SGB9651	Bacteria	Proteobacteria	Gammaproteobacteria	Pasteurellales	Pasteurellaceae	Haemophilus	Haemophilus_quentini	SGB9651
SGB9712_group	kSGB	k__Bacteria-p__Proteobacteria-c__Gammaproteobacteria-o__Pasteurellales-f__Pasteurellaceae-g__Haemophilus-s__Haemophilus_parainfluenzae-t__SGB9712	Bacteria	Proteobacteria	Gammaproteobacteria	Pasteurellales	Pasteurellaceae	Haemophilus	Haemophilus_parainfluenzae	SGB9712
SGB9712_group	kSGB	k__Bacteria-p__Proteobacteria-c__Gammaproteobacteria-o__Pasteurellales-f__Pasteurellaceae-g__Haemophilus-s__Haemophilus_parainfluenzae-t__SGB9701	Bacteria	Proteobacteria	Gammaproteobacteria	Pasteurellales	Pasteurellaceae	Haemophilus	Haemophilus_parainfluenzae	SGB9701
SGB9712_group	kSGB	k__Bacteria-p__Proteobacteria-c__Gammaproteobacteria-o__Pasteurellales-f__Pasteurellaceae-g__Haemophilus-s__Haemophilus_sp_HMSC066D02-t__SGB9704	Bacteria	Proteobacteria	Gammaproteobacteria	Pasteurellales	Pasteurellaceae	Haemophilus	Haemophilus_sp_HMSC066D02	SGB9704
SGB9712_group	kSGB	k__Bacteria-p__Proteobacteria-c__Gammaproteobacteria-o__Pasteurellales-f__Pasteurellaceae-g__Haemophilus-s__Haemophilus_SGB9670-t__SGB9670	Bacteria	Proteobacteria	Gammaproteobacteria	Pasteurellales	Pasteurellaceae	Haemophilus	Haemophilus_SGB9670	SGB9670
SGB9712_group	kSGB	k__Bacteria-p__Proteobacteria-c__Gammaproteobacteria-o__Pasteurellales-f__Pasteurellaceae-g__Haemophilus-s__Haemophilus_parainfluenzae-t__SGB9674	Bacteria	Proteobacteria	Gammaproteobacteria	Pasteurellales	Pasteurellaceae	Haemophilus	Haemophilus_parainfluenzae	SGB9674
SGB9712_group	kSGB	k__Bacteria-p__Proteobacteria-c__Gammaproteobacteria-o__Pasteurellales-f__Pasteurellaceae-g__Haemophilus-s__Haemophilus_SGB9675-t__SGB9675	Bacteria	Proteobacteria	Gammaproteobacteria	Pasteurellales	Pasteurellaceae	Haemophilus	Haemophilus_SGB9675	SGB9675
SGB9712_group	kSGB	k__Bacteria-p__Proteobacteria-c__Gammaproteobacteria-o__Pasteurellales-f__Pasteurellaceae-g__Haemophilus-s__Haemophilus_parainfluenzae-t__SGB9712	Bacteria	Proteobacteria	Gammaproteobacteria	Pasteurellales	Pasteurellaceae	Haemophilus	Haemophilus_parainfluenzae	SGB9712
SGB9712_group	kSGB	k__Bacteria-p__Proteobacteria-c__Gammaproteobacteria-o__Pasteurellales-f__Pasteurellaceae-g__Haemophilus-s__Haemophilus_SGB9710-t__SGB9710	Bacteria	Proteobacteria	Gammaproteobacteria	Pasteurellales	Pasteurellaceae	Haemophilus	Haemophilus_SGB9710	SGB9710
SGB9738_group	kSGB	k__Bacteria-p__Proteobacteria-c__Gammaproteobacteria-o__Pasteurellales-f__Pasteurellaceae-g__Aggregatibacter-s__Aggregatibacter_segnis-t__SGB9738	Bacteria	Proteobacteria	Gammaproteobacteria	Pasteurellales	Pasteurellaceae	Aggregatibacter	Aggregatibacter_segnis	SGB9738
SGB9738_group	kSGB	k__Bacteria-p__Proteobacteria-c__Gammaproteobacteria-o__Pasteurellales-f__Pasteurellaceae-g__Aggregatibacter-s__Aggregatibacter_segnis-t__SGB9737	Bacteria	Proteobacteria	Gammaproteobacteria	Pasteurellales	Pasteurellaceae	Aggregatibacter	Aggregatibacter_segnis	SGB9737
